;2180
de;906
que;887
y;715
la;455
a;396
en;381
el;367
con;223
por;218
don;198
los;196
no;189
se;169
las;164
sancho;149
su;142
le;138
quixote;135
lo;134
me;125
del;122
dixo;120
como;119
es;109
un;108
si;101
mi;98
mas;95
para;86
una;85
al;84
yo;82
senor;77
v;72
m;71
o;61
tan;60
ha;54
porque;52
esta;50
todo;50
pues;49
muy;47
alvaro;46
sus;46
cual;45
todos;43
pero;43
ni;42
ya;42
esto;40
caballero;39
habia;37
sin;37
bien;35
dos;35
aqui;35
ser;35
asi;34
este;32
nos;29
caballeros;29
he;28
son;28
quien;27
dios;27
alguna;27
casa;26
diziendo;26
os;25
panca;25
sino;25
aunque;24
cura;24
mis;24
les;23
luego;23
buena;23
tras;23
hazer;23
ella;22
tiene;22
buen;22
poco;22
respondio;22
ahora;22
puede;22
ano;22
vida;22
digo;21
fue;21
despues;20
noche;20
entre;20
ventero;20
han;20
sobre;19
quiero;19
cuando;19
te;19
algun;19
otra;19
todas;19
alli;19
tengo;19
cosas;18
era;18
dize;18
menos;18
san;18
parte;18
tal;18
hidalgo;17
libro;17
mano;17
dias;17
gente;17
hizo;17
esa;16
justas;16
lugar;16
aquella;16
mucho;16
mancha;16
aun;16
mundo;16
mejor;15
otros;15
cierto;15
ver;15
visto;15
aquellos;15
caballeria;15
fe;15
venta;15
replico;15
vezes;15
edicion;15
comer;15
solo;15
grande;15
cama;15
vos;14
estas;14
estaba;14
senora;14
tanto;14
vuestro;14
manera;14
hay;14
persona;14
orden;13
uno;13
donde;13
dezir;13
hombre;13
aquel;13
cuatro;13
hecho;13
libros;13
tiempo;13
contra;13
haze;12
parece;12
punto;12
hasta;12
cena;12
merced;12
antes;12
desta;12
ojos;12
primera;12
otro;12
rey;12
aposento;12
escudero;12
harto;12
castillo;11
dar;11
dulcinea;11
mal;11
toda;11
estoy;11
cuerpo;11
eso;11
senores;11
non;11
dezia;11
muchas;11
nombre;11
oh;11
puso;11
cosa;11
comenco;11
fuera;11
caballo;11
huesped;11
sea;11
reales;11
gallega;10
manos;10
dia;10
ellos;10
muger;10
estos;10
ese;10
nuestro;10
nuestra;10
ir;10
tu;10
tarragona;10
amigo;10
causa;10
quijada;10
fuese;10
haziendo;10
alonso;10
jumento;10
tambien;10
dentro;10
demas;10
caballerias;10
tenia;10
della;10
the;9
poner;9
anos;9
haber;9
mil;9
esos;9
vez;9
tomo;9
fin;9
carta;9
agora;9
ve;9
dicho;9
junto;9
licenciado;9
primero;9
argamesilla;9
razones;9
tres;9
mientras;9
caragoca;9
fortaleca;9
dormir;9
toboso;9
cada;9
madre;9
moca;9
caballos;9
verdad;9
ellas;9
maleta;9
princesa;9
solamente;9
fueron;8
dio;8
mando;8
menester;8
vio;8
pasado;8
ello;8
siendo;8
fernandez;8
pequena;8
ducados;8
iglesia;8
coracon;8
infanta;8
vuestra;8
entrar;8
juan;8
adelante;8
nosotros;8
espada;8
delante;8
segundo;8
mucha;8
olla;8
unas;8
amo;8
armas;8
algo;8
muestra;8
suerte;8
rocinante;8
historia;8
falta;8
habemos;8
hazen;8
amor;8
haya;7
semejantes;7
puerta;7
baxo;7
ruegos;7
mayor;7
batalla;7
medio;7
aquellas;7
diez;7
llego;7
conmigo;7
suya;7
pequeno;7
puesto;7
juntamente;7
salir;7
cabeca;7
tanta;7
salida;7
buenas;7
desde;7
tarfe;7
voluntad;7
cuales;7
santo;7
tuertos;7
cuenta;7
duda;7
andantes;7
partes;7
vino;7
espana;7
avellaneda;7
barbero;7
trabajo;7
alguno;7
reina;7
finalmente;7
tener;7
docientos;7
camino;7
padre;6
razon;6
dotor;6
quiso;6
manana;6
otras;6
servicio;6
patria;6
mio;6
quiere;6
ves;6
voy;6
agua;6
francisco;6
cervantes;6
estar;6
estan;6
gran;6
da;6
leido;6
cenar;6
ms;6
noble;6
dado;6
muchos;6
damas;6
mesmo;6
aquello;6
vs;6
seis;6
sera;6
tenemos;6
has;6
obras;6
andante;6
hora;6
nuestros;6
villa;6
cuantos;6
disposicion;6
adarga;6
hemos;6
imaginacion;6
llama;6
juizio;6
soy;6
pobre;6
extremo;6
reino;6
jamas;6
figura;6
palabras;6
sacar;5
morrion;5
respuesta;5
caminantes;5
lorenco;5
principal;5
podia;5
donzellas;5
suplico;5
esas;5
podra;5
ebook;5
bernardo;5
consejo;5
veo;5
grave;5
pasada;5
voz;5
puestos;5
grandes;5
dando;5
llevo;5
compuesto;5
vuelta;5
capitulo;5
hermosa;5
pensaba;5
algunas;5
of;5
quijote;5
hermosura;5
this;5
va;5
alcalde;5
quedando;5
pan;5
par;5
quedo;5
veras;5
pedro;5
aventuras;5
alcaldes;5
ciudad;5
buenos;5
her;5
sucedio;5
nadie;5
contiene;5
hoy;5
nunca;5
fiel;5
santa;5
tienen;5
lagrimas;5
mesa;5
segunda;5
1614;5
castellano;5
entonzes;5
creo;5
puedo;5
poniendo;5
dizen;5
tercera;5
gentil;5
1732;5
debaxo;5
horas;5
manteles;5
debe;5
licencia;5
plata;5
pajes;5
sido;5
soberbio;5
malas;5
hijo;5
saco;5
sabe;5
placa;5
gigantes;5
leer;5
pario;5
4;4
pies;4
e;4
pido;4
hablar;4
cid;4
carnero;4
eran;4
podria;4
meses;4
lee;4
asado;4
mejores;4
dexar;4
importancia;4
jayan;4
paso;4
cuartos;4
tierra;4
partir;4
saber;4
joyas;4
sabio;4
tuerto;4
necio;4
animo;4
mala;4
cuchilladas;4
propio;4
quiera;4
tomar;4
prometo;4
posible;4
vista;4
amores;4
jayanes;4
cuanto;4
honra;4
media;4
donzella;4
espera;4
adonde;4
levanto;4
estado;4
pesar;4
ninguno;4
oido;4
gana;4
dicha;4
andantesca;4
algunos;4
pudo;4
sanctorum;4
quedar;4
ti;4
ingenioso;4
dama;4
puta;4
salio;4
dara;4
venir;4
braco;4
oyo;4
imitacion;4
descomunales;4
conejo;4
posada;4
santos;4
palabra;4
deseo;4
pie;4
tomando;4
vamos;4
hazanas;4
vidas;4
ganar;4
provecho;4
llamar;4
sola;4
tienes;4
nuevo;4
triste;4
hiziera;4
juro;4
gloria;4
experiencia;4
asno;4
reyes;4
trata;4
morir;4
valor;4
hermano;4
consigo;4
antiguo;4
hizieron;4
diese;4
fama;4
nombrar;4
verdadero;4
seria;4
quitado;4
noches;4
magestad;4
pueda;4
tantos;4
real;4
venido;4
ama;4
princesas;4
pasar;4
cuarto;4
llamo;4
pienso;4
armado;4
enfermedad;4
espia;4
gracias;4
valerosos;4
llegaron;4
teneis;4
molino;4
digame;4
rosario;4
vuestras;4
apocrifo;4
vieja;4
hazia;4
desa;4
cuidado;4
vienen;4
grandisima;4
natural;4
agravios;4
maravillado;4
oyendo;4
granada;4
idos;3
2;3
maravillados;3
suele;3
entendimiento;3
sano;3
hidalgos;3
capatos;3
hare;3
flos;3
famosa;3
sangre;3
chapiteles;3
plumas;3
caballeriza;3
aviso;3
llamaba;3
sayo;3
puentes;3
rucio;3
tampoco;3
dispuesto;3
fieros;3
hallo;3
principio;3
vencido;3
estaban;3
legua;3
dolor;3
cierta;3
zurrada;3
comedias;3
deseos;3
luz;3
papeles;3
fazanas;3
merece;3
locura;3
mira;3
seguro;3
sabes;3
quinta;3
punta;3
maga;3
raphael;3
sabia;3
truxese;3
servir;3
volvio;3
verdaderos;3
volver;3
project;3
saltar;3
baxe;3
discreto;3
gusto;3
hombres;3
habra;3
mandado;3
obligacion;3
diablo;3
vozes;3
pequenas;3
remedio;3
dixese;3
rica;3
insigne;3
gigante;3
bravo;3
vosotros;3
premio;3
est;3
etc;3
escribir;3
andar;3
tordesillas;3
errata;3
estara;3
nin;3
amigos;3
reinos;3
silla;3
platica;3
dezis;3
hablando;3
vuelve;3
habeis;3
ninguna;3
dixole;3
orthoneda;3
cupido;3
diga;3
at;3
ay;3
murio;3
peras;3
by;3
preguntandole;3
inhumana;3
cu;3
feliz;3
llegando;3
suyo;3
regidores;3
imito;3
hi;3
palafren;3
it;3
ensena;3
volando;3
negocios;3
entro;3
conversacion;3
singular;3
dale;3
quisiera;3
dellos;3
justo;3
aldonza;3
semejante;3
barbas;3
conde;3
ilustracion;3
queda;3
lancon;3
andaba;3
ciertos;3
cartas;3
castillos;3
quede;3
bueno;3
canonigo;3
liori;3
peor;3
sobrina;3
parecia;3
trae;3
hayan;3
tira;3
obra;3
paciencia;3
campo;3
hurto;3
torme;3
asar;3
general;3
acabar;3
hiziese;3
you;3
llaman;3
trabajos;3
cristiana;3
hallar;3
fantasia;3
costillas;3
salieron;3
fuercas;3
nacion;3
blanca;3
conocido;3
fosos;3
guia;3
ambos;3
ingrata;3
comio;3
verdadera;3
piecas;3
accidente;3
agosto;3
fermosura;3
dineros;3
primer;3
arriba;3
exercito;3
iremos;3
colera;3
cabo;3
amadis;3
demasiado;3
boca;3
vayas;3
moco;3
pregunto;3
escritorio;3
and;3
queria;3
abriendo;3
cumplir;3
unos;3
contigo;3
encima;3
destas;3
fueran;3
antiguos;3
alla;3
pendencia;3
tantas;3
casi;3
cara;3
tratar;3
postre;3
fuerca;3
sabanones;3
original;3
pasadas;3
mismo;3
pasados;3
echar;3
siglo;3
vivo;3
prosiguio;3
cuyas;3
echado;3
larga;3
autor;3
muerto;3
vale;3
sol;3
piedra;3
hija;3
habian;3
subid;3
pagana;3
subio;3
enemiga;3
servicios;3
levantando;3
conocer;3
vaya;3
derredor;3
quimeras;3
inaudita;3
huespedes;3
echase;3
ofizio;3
flas;3
desvanecimientos;3
padres;3
prometido;3
3;2
5;2
6;2
8;2
9;2
notable;2
cuello;2
invicto;2
c;2
postura;2
gola;2
sale;2
midiendo;2
prendas;2
leguas;2
nuevas;2
regalo;2
ropa;2
avicena;2
metidos;2
contrario;2
palmerin;2
gravedad;2
preste;2
dormido;2
presto;2
cortadas;2
ande;2
leyendo;2
erratas;2
quedemos;2
haberse;2
capitan;2
licion;2
quite;2
haberme;2
segar;2
pecados;2
anadia;2
enterarse;2
sirva;2
lea;2
leo;2
emperatriz;2
sabor;2
invidia;2
fecho;2
establo;2
hizolas;2
traido;2
miedo;2
granadinos;2
casada;2
paja;2
placas;2
honrado;2
prohibida;2
pendencias;2
fermosa;2
hazian;2
madalena;2
principes;2
facilmente;2
manta;2
campana;2
defienden;2
dan;2
acuerdo;2
acabando;2
policena;2
pasa;2
acuerde;2
corte;2
cierre;2
infernal;2
comencaron;2
desventuras;2
pase;2
libia;2
rigor;2
comeme;2
llorar;2
colerico;2
altos;2
matando;2
states;2
aparte;2
doze;2
mire;2
despertar;2
cadena;2
contento;2
doy;2
milicia;2
brio;2
mar;2
mande;2
manda;2
galeno;2
terrible;2
dixeron;2
dichas;2
riendo;2
mes;2
cupo;2
negras;2
materia;2
anima;2
aprieta;2
tales;2
propia;2
13;2
maguer;2
vitoria;2
mia;2
serafin;2
31;2
levantose;2
imprimir;2
devota;2
diana;2
devoto;2
hijos;2
romana;2
caminos;2
fazeros;2
heroicas;2
aguardando;2
gutenberg;2
entonces;2
escribo;2
senal;2
escribe;2
pagando;2
descubre;2
haremos;2
podido;2
paguen;2
baul;2
entretenimiento;2
patio;2
almohadas;2
detras;2
defender;2
vea;2
morena;2
gallinas;2
poder;2
rueda;2
mirandole;2
bercas;2
obediencia;2
toca;2
cedo;2
menesterosos;2
qvixote;2
bravos;2
pasion;2
llegaronse;2
hurtar;2
cruel;2
golpe;2
pasaba;2
ofender;2
exercitos;2
dexeme;2
llevara;2
toma;2
ricamente;2
andad;2
ocupado;2
escribio;2
martin;2
echo;2
tiraron;2
acostar;2
numero;2
miguel;2
lleve;2
principe;2
vientre;2
rodillas;2
veinte;2
pasara;2
seremos;2
abaxo;2
mayores;2
risa;2
envio;2
veas;2
dice;2
aflige;2
podremos;2
produced;2
merecia;2
flaco;2
vicario;2
probar;2
cortesia;2
dido;2
fio;2
basura;2
herrero;2
ah;2
justos;2
do;2
permitir;2
recebi;2
metido;2
imitar;2
hechos;2
ancha;2
muchacho;2
perez;2
portada;2
conserva;2
presente;2
ii;2
in;2
superiores;2
lleno;2
reverendisimo;2
terribles;2
placer;2
jornada;2
salvo;2
efecto;2
meter;2
lanca;2
burla;2
oir;2
or;2
penitencia;2
ojo;2
huyendo;2
gruesa;2
gracia;2
correr;2
dixe;2
bella;2
seas;2
razonablemente;2
madrid;2
diferente;2
dexome;2
venas;2
tenido;2
engano;2
propuso;2
divisa;2
oro;2
dadme;2
justa;2
manchega;2
precioso;2
segun;2
vieron;2
tracando;2
extranas;2
lides;2
casas;2
catalina;2
located;2
date;2
contrarios;2
ilustrisimo;2
desamorado;2
ociosidad;2
salga;2
oye;2
barriga;2
desafiar;2
torreones;2
nogales;2
sepa;2
agarro;2
almuerzo;2
sere;2
duras;2
temor;2
aire;2
garrote;2
with;2
lado;2
grifos;2
africa;2
mula;2
diferentes;2
parecer;2
parecen;2
trabajado;2
motes;2
replica;2
marras;2
cuitas;2
botas;2
quitar;2
cartel;2
largas;2
perdida;2
deben;2
santorum;2
arcobispo;2
bellaco;2
noventa;2
nobles;2
vestida;2
encantamiento;2
vestido;2
espante;2
imitado;2
haz;2
facsimile;2
alegre;2
alegro;2
labios;2
mirad;2
medida;2
peto;2
deshonesta;2
darnos;2
enamorado;2
tiro;2
duermes;2
torre;2
mirando;2
importa;2
hecha;2
letra;2
sutiles;2
moncada;2
ociosos;2
sobrado;2
fuere;2
tomara;2
asento;2
ventura;2
prologo;2
ricas;2
estuvo;2
calle;2
condes;2
milagros;2
domingo;2
diablos;2
sientate;2
diego;2
valiente;2
alrededor;2
tuviera;2
haziendola;2
caridad;2
blando;2
dieron;2
ocho;2
online;2
profeso;2
calores;2
cualquier;2
iba;2
provincias;2
poca;2
marigutierrez;2
evidente;2
ratos;2
moros;2
derribar;2
preciado;2
brevemente;2
diere;2
traer;2
cuerpos;2
seais;2
iii;2
crueldad;2
traia;2
topado;2
vicio;2
calor;2
recebir;2
fortuna;2
nuestras;2
momento;2
poyos;2
paraiso;2
espacio;2
herido;2
milan;2
ira;2
oficial;2
bartolome;2
aca;2
talante;2
espaldar;2
querra;2
almorzar;2
united;2
memoria;2
decendia;2
pellejo;2
volumen;2
candaria;2
guisa;2
nada;2
nobleza;2
naturaleza;2
escrito;2
dexado;2
historias;2
modo;2
caer;2
galatea;2
echando;2
hircania;2
desaguisado;2
altas;2
habiendo;2
fabulosos;2
gustar;2
are;2
darle;2
cumplidamente;2
humilde;2
quedara;2
negocio;2
dexara;2
hendo;2
ginesillo;2
peligros;2
capa;2
tercero;2
honroso;2
primeras;2
piensa;2
pocas;2
saque;2
ropas;2
piernas;2
pasearse;2
mantas;2
razonable;2
job;2
alto;2
ruido;2
alta;2
hubiera;2
hubiese;2
famosas;2
presteza;2
novelas;2
destos;2
vaca;2
filosofos;2
dinero;2
quedaba;2
sierra;2
confiesa;2
pagada;2
digais;2
muerte;2
penas;2
pareceme;2
largo;2
pensamientos;2
habido;2
vano;2
tocino;2
volvieron;2
florisbian;2
dozena;2
jaula;2
antepasados;2
cobardes;2
invencibles;2
vengada;2
comedia;2
recado;2
filos;2
viejo;2
condicion;2
necesario;2
linage;2
cinco;2
querria;2
sentarse;2
alevosos;2
desverguenca;2
entender;2
virtud;2
desperto;2
vanos;2
cebada;2
dexe;2
dexo;2
tenga;2
cielo;2
joya;2
naciones;2
sobrescrito;2
aves;2
ausencia;2
canta;2
continente;2
criados;2
muela;2
tristeza;2
desfazer;2
capato;2
detraccion;1
reuse;1
pecado;1
pida;1
bastante;1
latina;1
pide;1
furia;1
fermosas;1
solia;1
colcha;1
caida;1
admirome;1
veriamos;1
1;1
latino;1
mentecapto;1
caido;1
7;1
traiades;1
ventaja;1
huevo;1
soneto;1
dedicada;1
palmada;1
titulo;1
cartaginense;1
infinito;1
haberle;1
llevar;1
produjo;1
cumplimos;1
sustanciales;1
desvanecidas;1
b;1
arrojandole;1
ambitiosa;1
i;1
puntos;1
paises;1
q;1
s;1
u;1
rojo;1
vueltos;1
esparziese;1
despego;1
torcon;1
bellas;1
leydo;1
hablan;1
jetro;1
comprarte;1
satisfecho;1
aficionado;1
tio;1
roma;1
celebran;1
check;1
acudiese;1
vemos;1
corralazo;1
sana;1
cuidades;1
testarada;1
ensillo;1
hacia;1
tuvo;1
bastimentos;1
entremesar;1
termino;1
apostar;1
contraria;1
entendiendo;1
embaraco;1
replicar;1
limpieza;1
offi;1
puerca;1
lleven;1
riendas;1
afincado;1
concejo;1
podamos;1
yerros;1
escudilla;1
perniciosa;1
famoso;1
endono;1
ardiente;1
omnia;1
lleguemonos;1
pongo;1
leon;1
piden;1
anas;1
quitaronle;1
dulcisima;1
afuera;1
nuevamente;1
relacion;1
almorzo;1
anda;1
arrojaba;1
venturosa;1
hacen;1
ando;1
have;1
ponen;1
estarse;1
produce;1
llevarian;1
partirse;1
topandonos;1
buscaron;1
ingratitudes;1
trote;1
dificultosamente;1
ausente;1
vulgo;1
presos;1
adentro;1
llamada;1
escoba;1
otorgamos;1
suelo;1
coz;1
imperfecion;1
sucesores;1
coral;1
obligados;1
quita;1
febo8;1
arroxo;1
pidio;1
pardos;1
traian;1
quise;1
relaciones;1
estribos;1
piru;1
costumbre;1
afirman;1
doctos;1
laura;1
acogimiento;1
toledano;1
pasando;1
llevados;1
pecador;1
quererlas;1
forastera;1
ovejas;1
convertido;1
anadio;1
nazca;1
solos;1
inumerable;1
eleva;1
quia;1
compasivo;1
carga;1
almiral;1
afligida;1
encerramiento;1
meterme;1
pestilencia;1
tus;1
frios;1
excelencias;1
jueces;1
abatida;1
ofrecido;1
ley;1
disoluta;1
hondas;1
adornar;1
gozo;1
baxos;1
eres;1
relox;1
avisando;1
hieronymo;1
letras;1
quierole;1
produzir;1
adelantando;1
verguenca;1
257;1
estabase;1
campos;1
preso;1
filosofo;1
contradiques;1
team;1
enviados;1
creible;1
deligente;1
deshonestidad;1
sospechar;1
homes;1
dandose;1
actual;1
cumplamos;1
yerros2;1
colocado;1
roberto;1
rompidos;1
pago;1
segvndo;1
fecha;1
conocernos;1
colocada;1
dexes;1
difiere;1
emparejamientos;1
away;1
pagados;1
ganaron;1
casado;1
precio;1
apetito;1
tornaron;1
start;1
traigo;1
siglos;1
auellaneda;1
encantadoras;1
mias;1
desventurada;1
embraveciase;1
maleorte;1
pala;1
afliccion;1
hispanicabiblioteca;1
redondos;1
remiendos;1
imagines;1
oirle;1
muriese;1
ardiendo;1
convienen;1
quedarse;1
escuchando;1
elevados;1
corto;1
pintipintada;1
compasion;1
entiendas;1
cumplidas;1
zozobras;1
perales;1
tomemos;1
60884;1
renumerado;1
vencimiento;1
solaz;1
dormire;1
pongas;1
quexese;1
dona;1
centro;1
contentisima;1
autenticos;1
escondia;1
xerxes;1
ante;1
fallar;1
fernan;1
costase;1
impaciente;1
remendon;1
sabra;1
levantarase;1
sonriendose;1
latines;1
italia;1
denote;1
extasi;1
imaginar;1
entiendes;1
guardia;1
pausa;1
domine;1
castilla;1
levantados;1
halda;1
despidiendose;1
moisen;1
doralize;1
dandome;1
cruces;1
blandas;1
ahorcaron;1
permitiendose;1
subitamente;1
belisario;1
corta;1
encomienda;1
aposentos;1
aliorum;1
guarden;1
dandola;1
temo;1
desfazedor;1
faltaran;1
celestiales;1
demando;1
agradecemos;1
vaina;1
hambre;1
mezclando;1
siguientes;1
pescocon;1
pasmado;1
guerreamientos;1
volverian;1
den;1
galera;1
fueros;1
subiendo;1
robado;1
relleno;1
ayudase;1
mandaba;1
orejas;1
patios;1
declararan;1
hablo;1
pidiendoles;1
seguire;1
milanesas;1
capatero;1
efimeras;1
ofendiera;1
constancia;1
medicos;1
habla;1
muelas;1
blastrodas;1
combatir;1
leona;1
under;1
verano;1
mazmorras;1
mercader;1
acabo;1
fiador;1
pecadoras;1
cerrado;1
apenas;1
mirese;1
cuesta;1
enojoso;1
comunicar;1
ayunar;1
conozco;1
brocados;1
mios;1
profundidad;1
final;1
divisaba;1
visages;1
arcabuz;1
volvian;1
colerica;1
docuit;1
quebre;1
tierno;1
title;1
provincia;1
enganome;1
senado;1
tuvieron;1
credos;1
misa;1
virginales;1
thomas;1
artilleria;1
traicion;1
cerrada;1
alexandro;1
bucefalo;1
panizuelo;1
canonigos;1
lengua;1
desnudarse;1
millon;1
casamiento;1
despacio;1
arcadias;1
darse;1
pecadores;1
descolorido;1
segura;1
loca;1
brinco;1
exposicion;1
eticas;1
correspondencia;1
tesoros;1
lombardia;1
loco;1
roque;1
feas;1
palmo;1
made;1
contenta;1
lucinda;1
dulces;1
escoceria;1
traidoras;1
comedimiento;1
reprehendido;1
perder;1
encerado;1
setecientos;1
encomende;1
lucano;1
paseandose;1
doble;1
espejo;1
maese;1
evangelios;1
efectos;1
aceros;1
libre;1
enano;1
olvidandose;1
febo;1
may;1
podre;1
picas;1
darte;1
disolutas;1
varios;1
aliviado;1
cencerro;1
fuerte;1
entrados;1
use;1
galena;1
claridana;1
formacion;1
merce;1
enalbardado;1
perfetamente;1
necia;1
estiercol;1
acabadas;1
agujeros;1
soldado;1
atiendo;1
recebido;1
sustenta;1
aderecado;1
pidiere;1
comiese;1
espuelas;1
aderecada;1
atencion;1
included;1
capit;1
pidiese;1
competir;1
palos;1
sereis;1
volvia;1
cuchillada;1
durmio;1
rayos;1
saben;1
expelidos;1
acordaban;1
mandare;1
celos;1
mandara;1
olvides;1
absorto;1
beltenebros;1
character;1
asienten;1
tiempos;1
declarar;1
leyola;1
harian;1
detrimento;1
interrogaciones;1
10;1
velar;1
11;1
12;1
18;1
mentado;1
rinocerontes;1
redondo;1
chueca;1
ministro;1
cubiertas;1
portador;1
redonda;1
escuras;1
20;1
dijes;1
29;1
vigor;1
anchura;1
objeto;1
admiraciones;1
majadero;1
sietecientas;1
peleare;1
episodios;1
alojar;1
siendolo;1
36;1
bardas;1
lasso;1
tenerlo;1
ofrecio;1
tenerle;1
texto;1
lucrecia;1
mana;1
venero;1
quitase;1
ageno;1
lope;1
olvidar;1
habiendolo;1
afortunado;1
pegar;1
acaso;1
imitandoles;1
huerfana;1
tortas;1
aprestar;1
naturales;1
tarfes;1
maravedis;1
forcados;1
perdiz;1
efesina;1
nuevos;1
cotejada;1
teatros;1
ahora5;1
gregorio;1
escobilla;1
podran;1
valory;1
cuya;1
desafiaba;1
almorzase;1
aquese;1
estradas;1
comunicarme;1
arabigo;1
aquesa;1
continentes;1
alabandoles;1
frayle;1
menorete;1
volvamos;1
escribi;1
batanes;1
senas;1
ganancia;1
ofrece;1
reciban;1
humor;1
mantenedor;1
cozes;1
riose;1
theologia;1
relata;1
celestinas;1
van;1
cuyo;1
leyenderos;1
vas;1
pagues;1
mata;1
dexo11;1
disolutos;1
mato;1
celia;1
azefaros;1
dixere;1
extension;1
lazaro;1
baxa;1
tomasen;1
conviene;1
agarenos;1
sacallos;1
vello;1
astrologo;1
enemigos;1
europa;1
babilonia;1
charitas;1
tajadas;1
opinion;1
movido;1
rastrillos;1
indias;1
agena;1
entrada;1
tripas;1
principales;1
dirigirse;1
afligidas;1
fueses;1
sufrimiento;1
fuesen;1
muertos;1
gusta;1
estupendas;1
oliva;1
infinitas;1
destreza;1
cortes;1
desvelado;1
oirlas;1
valeroso;1
dientes;1
impresiones;1
provision;1
militar;1
preguntar;1
velez;1
militan;1
profesores;1
recio;1
acerca;1
aguelos;1
proposito;1
talle;1
alcanca;1
rigen;1
alcance;1
valentia;1
diria;1
daban;1
fundador;1
inauditas;1
distantes;1
dirigirles;1
andaluzia;1
picado;1
aderecase;1
agit;1
calidad;1
echandonos;1
estimada;1
despavorido;1
habitan;1
notas;1
mirandola;1
habreis;1
barcelona;1
vil;1
remedian;1
repapo;1
yendo;1
remediarla;1
sustentan;1
palmos;1
repentina;1
envuelto;1
versalitas;1
cristianos;1
hayamos;1
lastima;1
juzgar;1
llevaremos;1
aguarda;1
apeandose;1
prosigue;1
sonetos;1
reproche;1
suspiros;1
capote;1
cordoba;1
lease;1
pisando;1
dividido;1
acogido;1
obedientes;1
reinas;1
enhorabuena;1
regalar;1
bosques;1
rindio;1
acatamiento;1
folgare;1
derramar;1
pinte;1
labrador;1
estuviera;1
bracaletes;1
perineo;1
encoding;1
declaradas;1
ahijarlos;1
santiguada;1
prolixa;1
riquisimas;1
linea;1
traemos;1
perdonare;1
cortesano;1
abril;1
rico;1
damos;1
envidia;1
deudos;1
abrir;1
estais;1
prision;1
nieves;1
lindo;1
release;1
tetas;1
intitulado;1
nabos;1
entrase;1
moral;1
cauallero;1
desvergoncado;1
lectores;1
justamente;1
viendome;1
trofeos;1
apeo;1
arrastran;1
expiriencia;1
medea;1
acostase;1
celo;1
dexele;1
faltarvos;1
arrear;1
valia;1
fechorias;1
crudo;1
mirandose;1
esten;1
callar;1
perfecion;1
canamo;1
epistolas;1
exercicio;1
ceno;1
lejos;1
perdone;1
campanudos;1
muzas4;1
desterrando;1
perdono;1
concluyendo;1
saetas;1
autoridad;1
tolerar;1
ventanas;1
sombrero;1
llevarsela;1
pequenez;1
cortinas;1
fazer;1
tablante;1
sinonomos;1
toro;1
andan;1
opuesto;1
bradanca;1
alcancarse;1
mandato;1
disimulo;1
dichoso;1
polilla;1
brava;1
garitas;1
quarta;1
ayude;1
municiones;1
flechas;1
necedades;1
calles;1
ayuda;1
barba;1
forjaron;1
pasatiempo;1
guarnicion;1
entregadmelo;1
diferenciamos;1
congaudet;1
cabello;1
sube;1
pensaban;1
llamabase;1
sentimiento;1
perfetisimas;1
acompanar;1
hube;1
barca;1
gomez;1
extrangeros;1
susurracion;1
hubo;1
metio;1
cuarenta;1
llagas;1
pasase;1
cuerdos;1
molifique;1
cera;1
espero;1
perro;1
hallara;1
ocasiones;1
desagradecida;1
presencia;1
consideracion;1
cenado;1
perra;1
rudos;1
entiende;1
entienda;1
comunicado;1
juntos;1
lleva;1
prendisteis;1
merecen;1
describe;1
dalfadea;1
gentiles;1
camarada;1
bendicion;1
herme;1
ordinaria;1
vendra;1
generales;1
ordinario;1
aguero;1
desarmado;1
guisase;1
descalzase;1
pliegues;1
infinitamente;1
buitre;1
perjudicial;1
avisado;1
desfoga;1
catilina9;1
dorados;1
gustaria;1
huir;1
ayer;1
not;1
poderoso;1
fieles;1
publico;1
colija;1
lacayos;1
memorias;1
was;1
bueyes;1
confusamente;1
consintio;1
aforismo;1
simplicidades;1
pelillos;1
aplacar;1
vender;1
aristoteles;1
bostezos;1
rocin;1
hartos;1
abriesen;1
estrano;1
plan;1
give;1
amare;1
intitula;1
criaron;1
reluzen;1
aventureros;1
tallaco;1
asimismo;1
visperas;1
galeotes;1
relieves;1
calentura;1
tornado;1
recogida;1
julio;1
fortifican;1
conoce;1
puestas;1
adviertas;1
beneficiado;1
usan;1
trincheas;1
fea;1
vendio;1
conformaran;1
fez;1
aplacadas;1
acaronte;1
respondido;1
eneas;1
pudieron;1
soberbios;1
hierros;1
historiador;1
satiricas;1
estaca;1
gatos;1
llevado;1
muchachos;1
certificado;1
politica;1
errado;1
digannos;1
procurar;1
conveniente;1
palominos;1
ningun;1
vega;1
oiga;1
anales;1
arrojomele;1
dixola;1
tiznamos;1
presumir;1
ad;1
inhumano;1
brios;1
papelones;1
gano;1
dexemos;1
procuraremos;1
gobiernan;1
pecadora;1
velo;1
bi;1
segundas;1
extrangeras;1
magos;1
alabanca;1
traeme;1
sucesos;1
volviese;1
platos;1
salud;1
escapado;1
arengas;1
magno;1
injuriosas;1
discursos;1
intentos;1
sujeto;1
language;1
basilisco;1
dezimos;1
incorporado;1
sujete;1
dile;1
consumada;1
huerfanas;1
ea;1
cafila;1
peinarme;1
acercose;1
avisar;1
belorge;1
duques;1
acabariamos;1
almiranta;1
dexaria;1
carro;1
agota;1
traere;1
invidus;1
labranca;1
for;1
pensar;1
ostentacion;1
bocados;1
encarcelados;1
venus;1
foso;1
ancho;1
divide;1
armose;1
derechas;1
httpwwwpgdpnet;1
digital;1
spanish;1
campeador;1
clara;1
enamorados;1
conserve;1
claro;1
dime;1
heredero;1
porcia;1
hallarian;1
imita;1
divina;1
ahorcado;1
repetir;1
barberos;1
vayanse;1
vere;1
hilar;1
endrigos;1
delgado;1
if;1
moderacion;1
repetia;1
is;1
edad;1
iv;1
enojado;1
defenderla;1
nombrado;1
guisada;1
jalmas;1
alforjas;1
daba;1
orbe;1
encubiertos;1
recados;1
dira;1
remembranca;1
complazerle;1
planchas;1
completa;1
acostumbro;1
llena;1
sentencias;1
corresponder;1
voluntarios;1
corresponden;1
abundancia;1
salva;1
mcmv;1
porfias;1
ferido;1
author;1
acontecido;1
desigual;1
license;1
agarrando;1
enfadan;1
somos;1
ingratitud;1
dignas;1
cabecones;1
biblioteca;1
sean;1
compania;1
dellas;1
importunos;1
pudiera;1
oi;1
consejos;1
pudiere;1
fisicos;1
criatura;1
descansa;1
nobis;1
emienda;1
pudiese;1
tiznada;1
dados;1
verdaderamente;1
seco;1
trementina;1
osariate;1
corren;1
venga;1
escarmenteis;1
suspension;1
pesada;1
quererlo;1
iguale;1
donosa;1
descortes;1
enderecemos;1
afloxar;1
arquitecto;1
asestando;1
poblado;1
espiritual;1
forcada;1
diestro;1
pelear;1
consolaba;1
peligro;1
merecido;1
traxese;1
dais;1
endriagos7;1
sacro;1
cazador;1
duerme;1
castigarle;1
teniendole;1
defuera;1
quito;1
adoro;1
pusieronle;1
esotro;1
trecientos;1
sugetos;1
seda;1
patriarca;1
to;1
desmaya;1
country;1
evangelio;1
sufrir;1
sitial;1
tengaselo;1
alegria;1
jubon;1
llamandoles;1
guanteslo;1
cojo;1
puesta;1
osarle;1
padecieron;1
tenian;1
vi;1
hincandose;1
pintor;1
libr;1
pura;1
sesudos;1
ociosa;1
enfrente;1
quexosa;1
quisiere;1
caber;1
deshazer;1
agradaba;1
meson;1
domus;1
madres;1
propuse;1
ocioso;1
fiesta;1
hablados;1
dana;1
descubria;1
hechas;1
ortografia;1
pensandolo;1
vence;1
descubrir;1
alcancarle;1
rosas;1
talento;1
cabecera;1
hondo;1
dotrina;1
estocada;1
alcancaran;1
terna;1
trueque;1
dragon;1
desenvainada;1
preciosa;1
curiosa;1
plataformas;1
terms;1
nicolas;1
alcancado;1
manchego;1
frente;1
cortando;1
benditas;1
come;1
levantada;1
coma;1
trascorrales;1
carrillos;1
escupir;1
busca;1
utf8;1
gen;1
presupuesto;1
mayordomo;1
terrenal;1
copy;1
emperador;1
levantado;1
venteros;1
jorge;1
curioso;1
pegando;1
calapino;1
perdonarme;1
puto;1
anibal;1
ayudamelas;1
enojase;1
albana;1
acostada;1
alcancaren;1
incierta;1
encubiertas;1
dignos;1
anton;1
sepas;1
corral;1
corregidos;1
dolorosas;1
permitan;1
tratemos;1
albarda;1
ulises;1
seremos13;1
cuernos;1
torres;1
alegrar;1
vengandome;1
astucia;1
capricornio;1
todavia;1
petrarca;1
concierto;1
babieca;1
salgo;1
sinrazon;1
mexillas;1
inconveniente;1
salido;1
esperanca;1
quereis;1
pueblo;1
viage;1
nota;1
cost;1
prosa;1
costo;1
corint;1
relevadas;1
disgustos;1
plegue;1
extrana;1
cuidadosamente;1
salid;1
peligrosas;1
aventura;1
ramon;1
zorriando;1
moderno;1
basta;1
muda;1
fastidio;1
suelto;1
largos;1
primitivos;1
whatsoever;1
pedis;1
pedir;1
infalible;1
pasagoncalo;1
desollaron;1
partiese;1
querida;1
pedia;1
pardiobre;1
querido;1
yepes;1
ciceron;1
martires;1
arca;1
virtudes;1
hashazer;1
tarde;1
pastores;1
profesar;1
bracos;1
videndo;1
imperial;1
intrinseco;1
ilustres;1
excedo;1
faltara;1
murmura;1
murmure;1
honestisima;1
fidelisimo;1
mudos;1
pag;1
imposible;1
homero;1
desagraviar;1
servido;1
agenas;1
provisiones;1
sobrenombre;1
saeculorum;1
estanme;1
paz;1
totalmente;1
imaginado;1
inferiores;1
excede;1
andado;1
ventas;1
mocas;1
desos;1
despedir;1
hechado;1
multitud;1
exemplares;1
diferencia;1
granjear;1
plumaje;1
villegas;1
denantes;1
porfiaba;1
colorado;1
limpias;1
imaginaba;1
hazeis;1
favorable;1
derribaron;1
bandera;1
descalcarle;1
per;1
cuantas;1
infernales;1
pez;1
visitarle;1
veamos;1
poros;1
vayamos;1
fidalgo;1
golias;1
imperativo;1
tibi;1
lleguen;1
peer;1
asaltos;1
maravillas;1
rezar;1
isidro;1
carcano;1
objecion;1
ximena;1
medios;1
agarrados;1
pediroslo;1
cifras;1
almost;1
quicas;1
fiarse;1
servirles;1
murmuradora;1
libreria;1
carcel;1
fatigada;1
verbo;1
amparo;1
resoluta;1
acostasen;1
llegues;1
pasaron;1
caminado;1
porfia;1
armo;1
pensabamos;1
refranes;1
vulgar;1
agradezco;1
fatigaba;1
desencantado;1
sermones;1
perdido;1
maravilloso;1
conservando;1
deseado;1
traermele;1
sudado;1
oliveras;1
maravillose;1
remojado;1
pestanear;1
libertad;1
salidos;1
aumento;1
sucedido;1
reposad;1
conservativas;1
libertar;1
agradecidos;1
leteo;1
chapa;1
ganando;1
suelen;1
diole;1
entretener;1
amante;1
arboles;1
garrotacos;1
huelgo;1
tierras;1
siquiera;1
arte;1
agravio;1
enamoradas;1
comision;1
endilgue;1
tomado;1
pena;1
escape;1
abencerrajes;1
mesmas;1
arbol;1
seguridad;1
engendra;1
teniendo;1
mesura;1
ephesios;1
capitanias;1
ariosto;1
hagamos;1
sucedan;1
sabios;1
creido;1
muestran;1
espanto;1
parcere;1
falda;1
amaneciese;1
buscando;1
faltarles;1
faltaba;1
finojos;1
imagenes;1
esfuerco;1
leche;1
mismos;1
tuviese;1
nacida;1
viuda;1
lecho;1
medias;1
salvajes;1
amistad;1
hermosisima;1
dezidme;1
tino;1
proseguia;1
parecio;1
pera;1
proseguir;1
secreto;1
conto;1
dorotea;1
provean;1
paxarilla;1
leerte;1
secreta;1
atendida;1
amantes;1
ceremonias;1
youll;1
saecula;1
enalbardo;1
excesivo;1
deshonesto;1
desfaziendo;1
marido;1
rescatar;1
valerosamente;1
pagina;1
forcuda;1
haldas;1
laws;1
sacasen;1
peso;1
enamorada;1
arrogante;1
boleo;1
miran;1
mirar;1
pesa;1
caletre;1
desterrar;1
lindisimas;1
esperar;1
personage;1
infame;1
comunicandole;1
burlan;1
procurara;1
tire;1
barrer;1
perdonedes;1
piedad;1
repartidor;1
reconocer;1
diques;1
corrillo;1
pajaro;1
before;1
ronco;1
pedido;1
desabrimiento;1
zorrian;1
enfermedades;1
alcada;1
archivo;1
carnestoliendas;1
deste;1
voya;1
palacio;1
asaz;1
transcripcion;1
esplandian;1
desafio;1
alias;1
evidentisima;1
prendido;1
facil;1
parrafo;1
cevola;1
respondemos;1
sacaban;1
fuegos;1
suceder;1
catorze;1
fiad;1
sufrian;1
causadora;1
zuldasa;1
apareje;1
escaleras;1
basquinas;1
bulle;1
contentadizo;1
firma;1
desmesuranca;1
acudir;1
atalayais;1
firmo;1
escribola;1
procuren;1
vestiduras;1
componerla;1
tocaron;1
tuertas;1
gaula;1
daremos;1
extenso;1
hoja;1
gutenbergs;1
griega;1
convite;1
ricamonte;1
pistos;1
cortadura;1
juezes;1
determinaren;1
imaginativa;1
estuve;1
bellacos;1
cortesanas;1
dieren;1
celebrado;1
abrame;1
cursivas;1
aries;1
jura;1
espesas;1
fregando;1
medrase;1
arrogancia;1
cuclillo;1
melancolias;1
pardiez;1
ingeno;1
vision;1
pueden;1
altura;1
intolerables;1
seron;1
mulas;1
teniale;1
deleite;1
pecho;1
llovia;1
apreciablemente;1
tigre;1
desarmase;1
hazerlo;1
variantes;1
nueva;1
suyos;1
2019;1
relamida;1
hazerle;1
videre;1
materias;1
siete;1
saavedra;1
aconseje;1
arenga;1
irse;1
imprenta;1
estantigua;1
alquife;1
ociosas;1
proximo;1
pienses;1
maravillaron;1
paredes;1
quexarme;1
lindas;1
llevarles;1
pesares;1
detracciones;1
tienda;1
impression;1
impertinente;1
acostadvos;1
oisteis;1
llevome;1
traxo;1
abraca;1
file;1
grasisima;1
celebra;1
celebre;1
madrugar;1
quiere10;1
acosta;1
grafia;1
quitarle;1
pensando;1
llevole;1
subrayados;1
irte;1
respetado;1
misericordia;1
micomicon;1
hablaban;1
alcances;1
grandisimas;1
centinela;1
ricos;1
desvanecida;1
desarmame;1
recoger;1
fina;1
perfeto;1
sufrido;1
desvanecido;1
llevarlas;1
costaron;1
fortalecas;1
darsela;1
chapin;1
desencantando;1
enriquezeremos;1
sacaron;1
calzones;1
metiendose;1
fuertes;1
supieron;1
narizes;1
ambas;1
tuson;1
piensas;1
azumbre;1
linternas;1
negro;1
beso;1
acompanarles;1
pretenden;1
proofreading;1
dezirlos;1
blanco;1
deanes;1
sandez;1
besa;1
albeitares;1
leamos;1
saeta;1
defendere;1
seran;1
aguardaron;1
cacareado;1
prostratis;1
catolico;1
sentido;1
temporal;1
estoyme;1
vencedores;1
sebastian;1
zegries;1
fray;1
mazas;1
meta;1
abre;1
rudo;1
insensato;1
durado;1
suyas;1
escuela;1
menudean;1
lancas;1
leonis;1
aquestas;1
fasta;1
acostarse;1
dozenas;1
honradas;1
belianis;1
llegue;1
encantados;1
encantador;1
deshaga;1
afecto;1
poniendole;1
musica;1
obligaciones;1
rieron;1
volviendose;1
profesamos;1
deparase;1
sanar;1
acostarme;1
cuchillo;1
agotar;1
vicarios;1
ruin;1
navajas;1
felipe;1
dificultoso;1
ajusta;1
ida;1
trapisonda;1
conforme;1
quedaremos;1
ido;1
desterrado;1
maldito;1
lealtad;1
desleal;1
comida;1
indomito;1
fablad;1
alabastro;1
si12;1
puertas;1
ganaremos;1
perpetua;1
dificultosa;1
debian;1
estribo;1
lopez;1
catolica;1
porrazo;1
desamor;1
imaginara;1
veritati;1
vaporeando;1
bestias;1
vicar;1
maeses;1
reniego;1
artificio;1
repantigado;1
venios;1
antigua;1
diera;1
manoplas;1
responder;1
puseme;1
ensayamientos;1
reposada;1
anyone;1
mercedes;1
grandisimos;1
vecinos;1
volvedmele;1
sanos;1
dilatado;1
nombres;1
clemencia;1
enviandole;1
dandoteme;1
trage;1
arado;1
holgara;1
usurpados;1
partamos;1
podrida;1
debida;1
pilatos;1
valerosisimo;1
condiciones;1
llora;1
traersele;1
pagandome;1
asombrarme;1
acero;1
fueremos;1
malandrines;1
from;1
trompa;1
menguado;1
prospero;1
acicaladas;1
publicada;1
garcia;1
pensamiento;1
lustre;1
podrian;1
aceto;1
desvanecimiento;1
invidiado;1
vengados;1
cuento;1
trayendo;1
granadina;1
granadino;1
puros;1
debemos;1
anadido;1
pomo;1
encantadora;1
procure;1
desaforado;1
nacieronse;1
acometer;1
camisas;1
alojarles;1
escribiese;1
flecha;1
abracarle;1
enagena;1
menesterosa;1
buscase;1
salgas;1
opiniones;1
traidor;1
pronto;1
arcobispado;1
aguas;1
sacame;1
racioneros;1
encantadas;1
tornar;1
desapercibido;1
isla;1
tocare;1
porqueria;1
tocara;1
copia;1
malditos;1
libreas;1
cabellos;1
apariencias;1
fastidiosos;1
imitando;1
micos;1
ire;1
invierno;1
prometer;1
milagro;1
quienes;1
fernando;1
saludando;1
cumplida;1
llamaban;1
mudando;1
acercando;1
cercanos;1
cumplido;1
sutil;1
exercicios;1
serpiente;1
valenciano;1
enfrenado;1
peleado;1
tratando;1
llegaremos;1
experiencias;1
haria;1
dedos;1
chapines;1
chantres;1
maravillaba;1
rustica;1
espaldas;1
dezirselo;1
acertaron;1
miembros;1
cirujanos;1
asisten;1
vivieran;1
diziendote;1
vecino;1
enviar;1
cielos;1
ciudades;1
fresco;1
benigna;1
cinto;1
ridiculas;1
phelipe;1
brocado;1
parrillas;1
jesucristo;1
analogo;1
asaron;1
potro;1
aludio;1
olias;1
empero;1
liron;1
castraleones;1
rio;1
trances;1
ahi;1
siguiente;1
distributed;1
virgilio;1
perperam;1
uncir;1
capatillas;1
fresno;1
other;1
generously;1
requieren;1
venian;1
yerra;1
apurarle;1
voluntades;1
grandes6;1
escrita;1
neciamente;1
armase;1
partida;1
mostrado;1
bobo;1
sacado;1
pocos;1
vayan;1
yerro;1
apasionados;1
cerrando;1
saltos;1
fechos;1
ingenio;1
poniendome;1
superba;1
esculapio;1
infierno;1
resolvieron;1
contentese;1
reirse;1
examinase;1
hazermela;1
diamantino;1
volviesemos;1
venida;1
presentaba;1
procesion;1
fingieron;1
lesion;1
gallardia;1
andamos;1
leones;1
fanfarrones;1
hallandole;1
venturosos;1
pareceran;1
cesar;1
vistoso;1
vendran;1
consiste;1
perfectamente;1
badanas;1
alisolan;1
diziendole;1
armar;1
anywhere;1
prestarme;1
pasan;1
sorda;1
llame;1
seyano;1
preseas;1
using;1
pesadas;1
apolo;1
estables;1
dulce;1
capaz;1
males;1
levadizas;1
criba;1
cumplio;1
ensillasen;1
llamarse;1
hinchendo;1
contandole;1
vulcano;1
mitad;1
ademas;1
causaba;1
where;1
elisabets;1
fingido;1
consta;1
desconsolado;1
acucena;1
proseguiremos;1
acomete;1
estados;1
riendose;1
respondiole;1
acompanaron;1
sonora;1
sereno;1
palada;1
descomponerme;1
dexase;1
llevaban;1
ato;1
reja;1
duro;1
garrafa;1
letania;1
vicios;1
aparejado;1
bocado;1
compro;1
dexare;1
respeto;1
limpie;1
cientificoliteraria;1
temida;1
ofreciere;1
troyana;1
daria;1
facilidad;1
mayusculas;1
traeria;1
aparejada;1
supiese;1
admiras;1
grabadas;1
entremos;1
mollera;1
sabiendolo;1
quedate;1
bona;1
elevado;1
barriendo;1
supiera;1
notado;1
emplear;1
proteccion;1
enjaezados;1
aparejaba;1
marquesas;1
blandeadoras;1
jayanazos;1
glorioso;1
desapasionado;1
resplandece;1
vencidos;1
habria;1
images;1
desollado;1
molido;1
honrosa;1
atajarle;1
fiereza;1
apostare;1
habedes;1
tracas;1
arcedianos;1
completado;1
barrabas;1
empezar;1
comienze;1
inflatur;1
servirle;1
cuita;1
gentes;1
envaino;1
llegaban;1
agresor;1
traerle;1
penso;1
moro;1
errores;1
andando;1
parentesis;1
llave;1
discrecion;1
parten;1
comienzo;1
fragua;1
callara;1
pablo;1
habito;1
porrazos;1
vina;1
escuderos;1
oprimen;1
prometiste;1
suspensos;1
plazer;1
odio1;1
reciba;1
poesias;1
atormenta;1
most;1
queremos;1
marqueses;1
ensillado;1
ninas;1
beneficiados;1
bestiales;1
refiere;1
serviros;1
patiens;1
cayo;1
reto;1
curas;1
venganca;1
talavera;1
callase;1
gloriosa;1
robadora;1
esteis;1
noticia;1
depositasen;1
lision;1
cabecudos;1
hubiere;1
recien;1
despidieron;1
digna;1
preguntado;1
postreras;1
llegada;1
misma;1
excusar;1
caza;1
personas;1
ternezas;1
tendran;1
llevarla;1
anduvimos;1
estamos;1
luis;1
desbaratados;1
competencia;1
apacible;1
llegado;1
set;1
necedad;1
rendidos;1
emulatur;1
ciruelo;1
digno;1
ingeniosas;1
hipocrates;1
infantes;1
sagrado;1
agradables;1
viniese;1
falto;1
caballerica;1
sierpe;1
cisternas;1
diafano;1
debo;1
fervorosos;1
hermosisimas;1
llevaron;1
deba;1
buscar;1
parts;1
amanecer;1
auenturas;1
desaparecieron;1
ligereza;1
correspondiese;1
mentir;1
grabaduras;1
luna;1
humana;1
illescas;1
ensanara;1
signo;1
pajas;1
burlescos;1
desafortunios;1
dedo;1
dulzura;1
punaladas;1
sierpes;1
tenme;1
caballeria3;1
pegaso;1
oigan;1
pajares;1
adquiriremos;1
rogar;1
frecuencia;1
cerca;1
wwwgutenbergorg;1
cuazia;1
amanecia;1
vocablos;1
mueve;1
caifas;1
decir;1
helle;1
teniendolas;1
tigres;1
divisiones;1
vehemente;1
reducido;1
desfaga;1
saldra;1
alivian;1
privilegio;1
corregido;1
suspendido;1
deis;1
apean;1
freno;1
tiraba;1
hospedar;1
world;1
espanoles;1
december;1
concertados;1
particularmente;1
cavallero;1
faltar;1
viniera;1
damasceno;1
plato;1
suceso;1
madera;1
exteriores;1
despidieronse;1
huesos;1
sigo;1
valentisimos;1
disculpa;1
higo;1
curiosos;1
gomeles;1
peores;1
restrictions;1
normalizado;1
diosele;1
refresco;1
box;1
alabe;1
total;1
bolsa;1
ponerlo;1
puente;1
diose;1
deme;1
amen;1
alfana;1
hermosas;1
extremada;1
pobres;1
hazme;1
empezo;1
licito;1
angelica;1
enemigo;1
vivir;1
molinos;1
recebirle;1
primitivo;1
proezas;1
porte;1
estando;1
potest;1
escarcelas;1
marfil;1
naturaleca;1
vitorias;1
castigo;1
hablado;1
persia;1
pasamos;1
gallos;1
peranzules;1
senales;1
llenas;1
bramiforan;1
available;1
respondiendome;1
comitimos;1
sandeces;1
atras;1
tablado;1
queso;1
deso;1
autentica;1
trabare;1
pagase;1
recordo;1
cantidad;1
soberana;1
coracas;1
dese;1
resolucion;1
sacarlas;1
conocio;1
verlo;1
inumerables;1
vivia;1
entretenido;1
hostias;1
repostona;1
gonzalez;1
verme;1
cofradia;1
restante;1
preciados;1
rosicler;1
levadiza;1
prompta;1
enviase;1
cobarde;1
viendolos;1
ponerse;1
quedamos;1
verla;1
divinamente;1
moler;1
dexa;1
pareciere;1
pareciera;1
desvanecerse;1
patrias;1
saca;1
suceda;1
dexando;1
aumentando;1
metiendo;1
interno;1
cerro;1
viendolas;1
grandisimo;1
cortarme;1
pedazo;1
filis;1
amos;1
agradecer;1
carpio;1
oracion;1
hierro;1
gigantea;1
placo;1
entonada;1
esperaron;1
entendia;1
instancia;1
fembras;1
viese;1
inflamado;1
millones;1
comillas;1
pared;1
calabacadas;1
firmes;1
quebrando;1
viendo;1
viere;1
echare;1
dello;1
falsos;1
robo;1
canse;1
detuvieron;1
podemos;1
engrudo;1
verso;1
hago;1
grecia;1
mocuela;1
poseo;1
llenos;1
pacifico;1
haga;1
principios;1
temerosos;1
victoriosos;1
embarazo;1
indigesto;1
llamase;1
recaida;1
fecundamente;1
empresa;1
invidiados;1
subieronse;1
muele;1
cuyos;1
sacristanes;1
cae;1
sentar;1
nacional;1
aragon;1
serpientes;1
respondiese;1
camina;1
esquife;1
cejas;1
tendra;1
criada;1
vuestros;1
confesar;1
guerra;1
sudandole;1
teniendolos;1
tened;1
soldados;1
criado;1
incredula;1
ledo;1
viene;1
excesivos;1
unate;1
