;178
de;35
del;11
la;8
el;8
fecha;8
datos;7
en;7
facultativo;7
solicitud;7
solicitante;6
farmacia;5
consulta;5
solicitada;4
por;4
y;4
cita;4
ugcservicioespecialidad;4
an1659906951;3
no;3
nombre;3
apellidos;3
tipo;2
hur;2
18032021;2
punto;2
indicada;2
alarconteresa;2
firma;2
derivacion;2
caracter;2
15032021;2
usuario;2
marzo;2
miguel;2
se;2
asistencia;2
nuss;2
centro;2
clave;2
cnp;2
003147564z;2
traslado;2
n;2
unidad;2
especializada;2
malagafarmaciahospital;2
medica;2
plazo;2
canabate;2
procedencia;2
universitario;2
sucesivarevision;2
regional;2
hombre;2
acedo;2
chinchilla;2
general;2
hospitalaria;2
telefonos;2
hospital;2
normal;2
informe;2
nacimiento;2
granada;2
25081993;2
ambulancia;2
sexo;2
cumplan;1
18015;1
decreto;1
financiacion;1
juicio;1
962004;1
00023138641;1
episodio;1
dni;1
presentar;1
piso;1
malaga;1
1;1
7;1
eleccion;1
9;1
20;1
presentacion;1
los;1
encina;1
dias;1
libre;1
30;1
mas;1
sr;1
malaga00023138641;1
contacto;1
d;1
cuando;1
maximo;1
contacte;1
recogida;1
boja;1
clinicos;1
622479287;1
cv;1
diagnostico;1
condiciones;1
con;1
documento;1
recepcion;1
garantia;1
protocolo;1
informacion;1
las;1
codigo;1
desde;1
direccion;1
particular;1
este;1
aplicara;1
respuesta;1
62;1
farmaciacentro;1
motivo;1
clinico;1
usuariodni;1
establecidas;1
nuhsa;1
privada;1
debera;1
especialista;1
para;1
2004;1
sello;1
sin;1
atencion;1
asociado;1
solo;1
cumplimentar;1
