;119
1;33
g;15
hacendado;12
2;9
u;9
y;9
de;9
alimentacion;8
kg;8
paquete;7
varios;7
3;6
fresco;6
los;6
pedido;6
bandeja;6
a;5
l;5
en;5
se;4
bano;4
pan;4
fecha;4
verduras;4
malla;4
carnes;4
la;4
ml;4
brick;4
del;3
pack;3
4;3
6;3
piel;3
n;3
final;3
cantidad;3
aprox;3
sin;3
185;3
pts;3
natural;3
deliplus;3
frutas;3
con;3
eur;3
datos;2
5;2
unidades;2
compra;2
250;2
por;2
135;2
30;2
x;2
descripcion;2
httpswwwtelecompramercadonaesnsfinalphp;2
ref;2
entrega;2
leche;2
el;2
cebolla;2
botella;2
mercadona;2
dermo;2
pollo;2
venta;2
ticket;2
precios;2
vigentes;2
avena;2
199;2
750;2
carne;2
400;2
producto;2
gel;2
pimiento;2
cerdo;2
arroz;2
burger;2
bebidas;2
patata;2
importe;2
cafe;2
picada;2
4192021;2
verde;2
bolsa;2
facil;2
granada;2
1200;2
meat;2
online;2
pechuga;1
siguientes;1
legumbres;1
seran;1
seco;1
vegetales;1
confeccion;1
350;1
panceta;1
pescado;1
cubo;1
235;1
entera;1
115;1
basura;1
18018;1
69166;1
11;1
12;1
atun;1
66105;1
9512;1
al;1
480;1
filetes;1
360;1
120;1
tarro;1
caracter;1
subtotal;1
abre;1
salmorejo;1
caja;1
congelados;1
69298;1
vacuno;1
preparados;1
22;1
huevo;1
24;1
17027;1
miguel;1
pavopollo;1
6250;1
incorporacion;1
contramuslos;1
integral;1
11045;1
localidad;1
modificar;1
tarjeta;1
productos;1
11722;1
33;1
tarifa;1
bruggen;1
su;1
e;1
18001;1
calle;1
63532;1
260;1
drogueria;1
platos;1
622479287;1
simon;1
semidesnatada;1
148;1
80895;1
rojo;1
cabeza;1
5063;1
45710;1
cereales;1
horario;1
3682;1
escurrido;1
arandano;1
macarron;1
390;1
hamburguesa;1
arreglos;1
395;1
154;1
lata;1
servida;1
61006;1
158;1
elaborados;1
zanahoria;1
69089;1
ec;1
10731;1
horno;1
hueso;1
embutidos;1
19002100;1
acceda;1
pesetas;1
soluble;1
3452;1
bocadillo;1
esponja;1
160;1
pago;1
postres;1
cliente;1
166;1
289;1
600;1
mediano;1
bosque;1
721;1
tubo;1
5501;1
clasico;1
20042021;1
brocolicoliflor;1
azul;1
que;1
conservas;1
leches;1
frescor;1
lactosa;1
deshuesados;1
granel;1
quiche;1
precio;1
durante;1
pasta;1
duquesa;1
fresca;1
monousos;1
apellidos;1
euros;1
mantendran;1
vegetal;1
bolleria;1
normal;1
amarilla;1
69312;1
servicio;1
roscas;1
panstar;1
inicial;1
grande;1
claro;1
avinatur;1
lacteos;1
falta;1
500;1
625;1
huevos;1
2817;1
69310;1
magro;1
canavate;1
proteccion;1
46567;1
9222;1
refrigerada;1
4573;1
46566;1
073;1
lentejas;1
074;1
075;1
actualizaran;1
990;1
15827;1
caso;1
756;1
tarrina;1
519;1
49705;1
compango;1
naranja;1
10381;1
molido;1
congelado;1
medina;1
desnatada;1
642;1
tamano;1
39903;1
don;1
090;1
martinez;1
morcilla;1
domicilio;1
dias;1
largo;1
10233;1
sensible;1
lineas;1
infusiones;1
ajo;1
3277;1
pastas;1
300;1
ahorro;1
cada;1
adecuara;1
intenso;1
fuerte;1
vino;1
chorizo;1
trascurrido;1
plazo;1
aves;1
vinos;1
aplicando;1
550;1
juntamar;1
litros;1
modo;1
suave;1
tortilla;1
560;1
200;1
cereal;1
567;1
maxi;1
dicho;1
327;1
82330;1
arreglo;1
servir;1
perfumeria;1
sesamo;1
no;1
blancos;1
2771;1
acedo;1
desechables;1
nombre;1
690;1
570;1
copos;1
330;1
solapin;1
total;1
696;1
para;1
cafes;1
83452;1
telfcontacto;1
aplicados;1
cierre;1
31003;1
53011;1
100;1
pizzas;1
768188;1
225;1
bancaria;1
mixta;1
blanco;1
envases;1
masas;1
aroma;1
