;4350
the;1364
and;625
of;486
to;457
he;442
a;340
his;326
was;241
that;235
in;226
with;183
had;177
for;170
him;168
as;167
at;162
it;142
wulf;129
but;128
from;99
by;97
not;89
i;88
this;88
on;83
be;78
one;76
karl;71
so;70
all;68
said;63
what;62
were;61
no;60
great;59
when;57
upon;55
who;55
now;53
up;52
herr;52
little;51
or;51
boy;50
baron;48
which;48
their;47
came;47
is;46
conradt;44
castle;44
then;44
thou;44
how;43
out;43
about;42
down;41
an;40
again;39
they;39
there;38
have;38
horse;38
himself;37
time;36
other;36
over;36
knight;35
been;35
could;35
own;35
hand;34
well;34
than;34
thee;34
thy;33
back;33
face;33
two;32
last;32
made;32
until;32
them;32
into;31
will;31
its;30
where;30
stood;30
would;29
before;29
some;29
among;29
forge;29
good;28
her;28
men;27
more;27
do;27
might;26
come;26
these;25
banf;25
way;25
eyes;25
see;25
my;25
young;24
armorer;24
knights;24
long;23
after;22
man;22
against;22
took;22
looked;22
through;22
she;22
went;21
heart;21
toward;21
naught;21
if;21
knew;21
while;21
lay;20
done;20
did;20
still;20
forest;20
years;20
saw;20
matter;19
lad;19
swartzburg;19
never;19
seemed;19
place;19
even;18
let;18
hansei;18
werner;18
may;18
fair;18
emperor;18
barons;18
boys;18
turned;18
me;18
we;18
children;18
get;18
sword;17
road;17
tis;16
armorers;16
shining;16
elise;16
take;16
though;16
such;16
however;16
head;16
know;16
held;16
here;16
yet;15
fellow;15
forward;15
blade;15
word;15
wulfs;15
shall;15
any;15
thought;15
cried;15
sat;15
gave;15
off;15
life;15
none;15
only;15
began;14
look;14
hands;14
ere;14
are;14
those;14
along;14
go;14
big;14
ye;14
like;14
evil;13
each;13
must;13
away;13
just;13
fear;13
within;13
truth;13
another;13
stranger;13
plateau;13
very;13
once;13
our;13
much;12
tinker;12
save;12
too;12
small;12
osiers;12
under;12
hold;12
reached;12
indeed;12
work;12
strength;12
nor;12
latter;12
dark;12
should;12
left;11
days;11
gone;11
land;11
wall;11
thing;11
door;11
day;11
pass;11
make;11
master;11
ill;11
asked;11
new;11
already;11
grew;11
figure;11
chapter;10
others;10
child;10
ever;10
laid;10
karls;10
stables;10
full;10
put;10
mind;10
thourt;10
heard;10
father;10
every;10
first;10
thrust;10
horses;10
ivy;10
below;10
arm;10
suddenly;10
minded;10
enough;10
looking;10
whom;10
set;10
beside;10
raised;10
drew;10
friend;10
beyond;10
help;10
hard;9
times;9
floor;9
has;9
tell;9
point;9
whose;9
baby;9
felt;9
nephew;9
close;9
end;9
told;9
black;9
far;9
keep;9
turning;9
strong;9
deep;9
watching;9
side;9
edge;9
old;9
seen;9
sprang;9
sight;9
sound;9
sent;9
village;9
illustration;8
hath;8
arms;8
despite;8
moment;8
part;8
added;8
count;8
passed;8
soon;8
stream;8
bent;8
able;8
ludovic;8
met;8
coming;8
trees;8
many;8
open;8
common;8
neck;8
errand;8
need;8
called;8
white;8
girl;8
alone;8
honest;8
bit;8
brought;8
siegfried;8
us;8
between;8
rode;8
ground;8
carried;8
wild;8
swords;7
tower;7
became;7
busy;7
night;7
ward;7
found;7
three;7
grooms;7
whereupon;7
known;7
above;7
shelter;7
fell;7
everhardt;7
needed;7
balcony;7
hunchback;7
nay;7
climbed;7
filled;7
stepped;7
shoulder;7
nearly;7
play;7
give;7
care;7
laughed;7
both;7
am;7
ay;7
foot;7
charge;7
keeping;7
burden;7
behind;7
reach;7
half;6
hall;6
without;6
groom;6
thus;6
god;6
struck;6
order;6
manner;6
cry;6
caught;6
fellows;6
weapon;6
climb;6
further;6
dost;6
you;6
mine;6
putting;6
forgotten;6
highway;6
muttered;6
armor;6
company;6
iron;6
ebook;6
feet;6
find;6
sort;6
task;6
true;6
thoult;6
since;6
troubled;6
fend;6
wood;6
smithy;6
rough;6
whole;6
love;6
cannot;6
poor;6
near;6
corselet;6
often;6
swiss;6
strangers;6
farther;6
dwelt;6
conradts;6
few;6
most;6
matters;6
somewhat;6
trouble;6
sit;6
maiden;6
bailey;6
theres;6
delight;6
emperors;6
thrown;6
nature;6
stones;6
doing;6
can;6
ready;6
same;5
blue;5
strange;5
creature;5
treasure;5
rood;5
service;5
rudolf;5
pressed;5
walls;5
top;5
meadow;5
law;5
whence;5
meeting;5
wickedness;5
nobles;5
thine;5
fashion;5
till;5
given;5
chest;5
deemed;5
meant;5
quick;5
wondering;5
tree;5
clean;5
mean;5
touched;5
right;5
banfs;5
feat;5
stall;5
being;5
knowest;5
together;5
gathered;5
use;5
horn;5
softly;5
soul;5
stick;5
barbarossa;5
nevertheless;5
glance;5
people;5
showed;5
beard;5
lord;5
beast;5
across;5
because;5
younger;5
charger;5
courtyard;5
fared;5
learn;5
fast;5
leave;5
hardly;5
shoulders;5
forth;5
mighty;5
skilled;5
terrace;5
body;5
always;5
reason;5
deeds;5
taken;5
presently;5
huge;5
rein;5
watched;5
next;5
green;5
duty;5
broad;5
older;5
flail;5
stuff;5
used;5
ridden;5
inner;5
why;5
say;5
yonder;5
words;5
food;5
battle;5
won;5
foe;5
perhaps;5
skill;5
kept;5
likely;5
lower;5
gripped;5
second;5
oh;5
fight;5
chance;5
wrought;5
morning;5
plainly;5
higher;5
wrath;5
plain;5
blow;5
spoke;4
crusader;4
cliff;4
quiet;4
faces;4
sharply;4
aside;4
germany;4
better;4
lady;4
pile;4
question;4
rose;4
almost;4
buttress;4
followed;4
led;4
pity;4
think;4
demanded;4
things;4
warm;4
wonted;4
lowering;4
short;4
bravery;4
wheeled;4
bright;4
grown;4
group;4
meal;4
glad;4
going;4
past;4
easy;4
staff;4
answer;4
leaned;4
tall;4
reply;4
train;4
waiting;4
parchments;4
dropped;4
friends;4
sore;4
twas;4
stern;4
fence;4
something;4
willows;4
weary;4
ribband;4
wont;4
wonder;4
step;4
sturdy;4
sunshine;4
pride;4
voice;4
scorn;4
ran;4
stoutly;4
fraulein;4
sleep;4
robber;4
saddle;4
eager;4
crooked;4
gates;4
message;4
noted;4
albeit;4
narrow;4
brave;4
fathers;4
speak;4
sharp;4
real;4
didst;4
ate;4
worse;4
name;4
distance;4
siegfrieds;4
war;4
window;4
quickly;4
case;4
lives;4
ladies;4
bore;4
joy;4
move;4
wit;4
bring;4
sure;4
hurt;4
nodded;4
mounted;4
knife;4
overgrown;4
parry;4
gate;4
four;4
doorway;4
youngster;4
table;4
anger;4
high;4
hear;4
newcomer;4
clever;4
drawn;4
watchers;4
stallion;4
sun;4
blew;4
st;4
hilt;4
slipped;4
country;4
wide;4
passing;4
hell;4
following;4
twisted;4
brain;4
sunlight;4
dashed;4
canst;4
climbing;4
line;4
stout;4
rider;3
blasts;3
temper;3
nodding;3
raids;3
mindful;3
youths;3
hapsburg;3
uncles;3
flashing;3
understand;3
hast;3
slowly;3
heaven;3
cornhouse;3
protection;3
toe;3
instant;3
twere;3
quite;3
says;3
hofenhoer;3
pace;3
clenched;3
speech;3
lip;3
measure;3
memory;3
cared;3
gentleness;3
early;3
horsebarn;3
dashing;3
alike;3
fallen;3
having;3
light;3
low;3
fury;3
chair;3
companions;3
knightly;3
guarded;3
general;3
ears;3
hangerson;3
knowledge;3
court;3
smiled;3
comes;3
waited;3
taught;3
robbers;3
later;3
talk;3
seated;3
beginning;3
holy;3
grandson;3
length;3
showing;3
hut;3
helping;3
served;3
main;3
fine;3
maid;3
loft;3
valley;3
best;3
breath;3
hour;3
sought;3
outer;3
wonderful;3
rude;3
free;3
clump;3
household;3
project;3
maids;3
swordplay;3
themselves;3
bars;3
eagerly;3
gutenberg;3
fain;3
worn;3
forehead;3
moreover;3
haste;3
stableboys;3
een;3
spent;3
rush;3
crept;3
fare;3
year;3
weeks;3
prowess;3
evenings;3
moved;3
tinkers;3
faint;3
consent;3
helpless;3
wouldst;3
rich;3
adown;3
knighthood;3
property;3
nothing;3
air;3
courage;3
climber;3
trial;3
shalt;3
dreams;3
trick;3
around;3
today;3
casement;3
declared;3
broke;3
noting;3
amaze;3
gently;3
werners;3
menatarms;3
art;3
ask;3
run;3
repeated;3
either;3
lifted;3
shop;3
show;3
patting;3
doubtless;3
news;3
thoughts;3
hoofs;3
fought;3
hatred;3
plan;3
dared;3
mischief;3
proceeded;3
heads;3
board;3
constantly;3
king;3
nearer;3
eaten;3
knapp;3
rest;3
also;3
afternoon;3
front;3
bad;3
fit;3
skins;3
adeline;3
peace;3
folk;3
franz;3
rare;3
stared;3
party;3
getting;3
oak;3
outlawed;3
six;3
fresh;3
foul;3
thanks;3
else;3
easily;3
large;3
tomorrow;3
become;3
world;3
ursula;3
cupboard;3
waldemar;3
bragging;3
lance;3
chosen;3
hammer;3
playground;3
speaking;3
settled;3
gotta;3
bridge;3
laughing;3
support;3
goodsized;3
stone;3
brent;3
cockerel;3
lightly;3
scant;3
rightly;3
leather;3
forefathers;3
growing;3
safe;3
aware;3
guelder;3
stories;3
played;3
prepare;2
your;2
legs;2
gloomy;2
coals;2
meanwhile;2
9;2
hang;2
fearless;2
masters;2
turn;2
gold;2
oaktrees;2
battlement;2
rabble;2
eating;2
forests;2
blood;2
o;2
lips;2
throw;2
v;2
saddlepeak;2
returned;2
forsooth;2
oaktree;2
got;2
wise;2
laugh;2
misdeeds;2
making;2
check;2
clearer;2
walked;2
authority;2
harm;2
cheek;2
cowardly;2
taking;2
loved;2
loving;2
bringing;2
thats;2
women;2
larger;2
woman;2
noise;2
goats;2
arrow;2
equally;2
gleam;2
hereabout;2
terror;2
lest;2
less;2
adventure;2
army;2
october;2
try;2
twist;2
replied;2
wound;2
opening;2
stable;2
harness;2
spoken;2
sport;2
mountain;2
lesser;2
press;2
1902;2
cut;2
dread;2
does;2
manatarms;2
mongrel;2
lid;2
accounting;2
tilt;2
unable;2
dogs;2
wast;2
merest;2
page;2
stooped;2
askance;2
asking;2
steady;2
start;2
stumbled;2
spared;2
hes;2
enter;2
warmth;2
fists;2
unknown;2
lot;2
barred;2
manners;2
chain;2
wallet;2
aught;2
mien;2
hanging;2
hid;2
haply;2
outlaw;2
visage;2
husband;2
listen;2
pelts;2
answering;2
betters;2
drinking;2
latters;2
pierced;2
ease;2
sounds;2
hearers;2
neither;2
stride;2
shouted;2
trip;2
yon;2
scornfully;2
flocks;2
blackly;2
feats;2
unwillingness;2
meet;2
returning;2
spellbound;2
brows;2
brown;2
month;2
training;2
states;2
bland;2
notice;2
thoust;2
home;2
hunchbacks;2
hue;2
bend;2
whereat;2
goodly;2
action;2
proudly;2
belt;2
bade;2
wulfstanger;2
field;2
warned;2
horsemans;2
anvil;2
member;2
herald;2
stand;2
knows;2
withhold;2
feel;2
peering;2
pleasant;2
pressure;2
fill;2
steps;2
feed;2
befell;2
leaning;2
sheath;2
tinkering;2
forenoon;2
sooth;2
due;2
thyself;2
mere;2
online;2
breast;2
mercy;2
danger;2
firm;2
fire;2
height;2
beaten;2
pointed;2
fist;2
believe;2
remember;2
childhood;2
stableyard;2
swartzburgs;2
treat;2
instinct;2
forced;2
afterward;2
inside;2
whenever;2
barn;2
finding;2
slept;2
staring;2
bitten;2
slain;2
gesture;2
answered;2
paced;2
mark;2
during;2
fingers;2
squires;2
grimly;2
books;2
knowing;2
iii;2
protector;2
steed;2
eat;2
wherever;2
childsoul;2
sends;2
craft;2
descending;2
coarse;2
halter;2
covered;2
death;2
winter;2
walking;2
advantage;2
instead;2
whispered;2
nigh;2
setting;2
vii;2
silence;2
fairly;2
guess;2
playmate;2
throat;2
hungry;2
swing;2
ist;2
helped;2
melon;2
journeyed;2
distorted;2
kindly;2
loose;2
useful;2
chimney;2
united;2
plotted;2
companion;2
von;2
sorry;2
ive;2
lines;2
contempt;2
age;2
smaller;2
ago;2
rolled;2
toll;2
number;2
tried;2
darkness;2
handle;2
crossing;2
urged;2
crossed;2
dazed;2
steadily;2
rights;2
amiss;2
umpire;2
tender;2
slip;2
movement;2
forgetful;2
catching;2
estate;2
spied;2
weakness;2
sternness;2
ottakar;2
appetite;2
summon;2
comforting;2
elises;2
snarled;2
using;2
demand;2
slow;2
glaring;2
fainter;2
flash;2
grace;2
stirred;2
broken;2
call;2
longed;2
offices;2
mother;2
ours;2
piteous;2
seeming;2
overlooking;2
longer;2
winding;2
leaving;2
color;2
smelled;2
tempered;2
faintly;2
mouth;2
pitiful;2
leader;2
rebel;2
glancing;2
awakened;2
feint;2
truly;2
greater;2
viii;2
longing;2
matched;2
guard;2
wee;2
memories;2
comrade;2
meanst;2
castles;2
heels;2
porridge;2
pleased;2
varlet;2
grim;2
descried;2
kind;2
produced;2
screamed;2
faith;2
footing;2
rocky;2
sheer;2
win;2
sheep;2
earnestly;2
spread;2
attention;2
visit;2
simply;2
smote;2
warfare;2
rang;2
manger;2
stained;2
scarcely;2
grandsire;2
entered;2
co;2
glowing;2
lightness;2
faded;2
ruddy;2
vines;2
arose;2
mountains;2
deed;2
liking;2
bound;2
peasant;2
bin;2
corner;2
id;2
ii;2
metal;2
stablelad;2
iv;2
ix;2
cheeks;2
cutthroats;2
guardian;2
sadly;2
bread;2
break;2
missed;2
draw;2
wandering;2
comfort;2
century;2
wooden;2
greeted;2
knees;2
squire;2
stands;2
waldemars;2
feeling;2
gaze;2
noble;2
rushing;2
skilful;2
cross;2
knit;2
sitting;2
blades;2
wholesome;2
counts;2
threatening;2
upper;2
fighting;2
scene;2
hinder;2
lighted;2
footpath;2
seat;2
surprised;2
stopped;2
souls;2
started;2
amid;2
heed;2
gleaming;2
ruler;2
weightier;2
suppose;2
vi;2
bestrode;2
wrathfully;2
drop;2
idea;2
sheathed;2
summoned;2
assent;2
teach;2
stony;2
childish;2
foray;2
teeth;2
asleep;2
drank;2
gretel;2
lift;2
force;2
mending;2
seeing;2
dare;2
precious;2
token;2
scowling;2
located;2
begun;2
dozen;2
branches;2
sheltered;2
note;2
limp;2
cap;2
marriage;2
hearts;2
contestants;2
follow;2
hurrying;2
fearful;2
wilt;2
really;2
german;1
reuse;1
hamlet;1
greedand;1
owners;1
rides;1
youth;1
threshingfloor;1
drunk;1
dishonor;1
victor;1
wasted;1
ten;1
daring;1
sake;1
horsegear;1
whatsoever;1
solid;1
welding;1
3;1
size;1
leatherclad;1
wink;1
thoughtfully;1
wing;1
squirrels;1
wind;1
telling;1
folly;1
turf;1
yellow;1
suffice;1
youre;1
midway;1
corners;1
stirring;1
staircase;1
stewards;1
fencers;1
benches;1
obeying;1
straight;1
veins;1
halt;1
x;1
arch;1
reeled;1
undone;1
genial;1
dumfounded;1
chill;1
murmured;1
tethered;1
unreasoning;1
sworn;1
carving;1
empty;1
wish;1
grizzled;1
snicker;1
suffered;1
serious;1
tip;1
dismount;1
roared;1
rome;1
pillaged;1
pat;1
pay;1
browned;1
watchtower;1
earthen;1
especial;1
list;1
stirrupiron;1
neglected;1
salutation;1
cleared;1
sank;1
jangle;1
divided;1
clinging;1
fingering;1
shriving;1
wisdom;1
ascent;1
thieves;1
root;1
twill;1
pasture;1
roof;1
approval;1
wits;1
quarters;1
perform;1
rafters;1
hurrah;1
halfway;1
magnet;1
tween;1
kerchiefs;1
discomfiture;1
lads;1
outlook;1
workingfolk;1
suppertime;1
wrist;1
champing;1
gained;1
fierce;1
flout;1
hate;1
write;1
ceased;1
wage;1
wight;1
sneer;1
peeped;1
fiber;1
loyalty;1
birth;1
jangling;1
traveling;1
spears;1
unhappy;1
shadowy;1
draught;1
daylight;1
shadows;1
orders;1
bulk;1
despair;1
champion;1
braced;1
engaged;1
queer;1
hundred;1
wait;1
jeeringly;1
doubted;1
riders;1
belikean;1
solemnly;1
illtreat;1
frankly;1
surly;1
maidens;1
smelling;1
taller;1
avail;1
contented;1
spirit;1
impressions;1
wellknit;1
abutment;1
names;1
courteously;1
messenger;1
curiously;1
twain;1
scoffers;1
arrows;1
roughed;1
plaintively;1
straits;1
parapet;1
mayest;1
wake;1
ambitious;1
whether;1
west;1
spoon;1
raise;1
hated;1
tomorrows;1
timea;1
beneath;1
wert;1
pitched;1
chick;1
snow;1
207;1
hawk;1
boulder;1
hastily;1
bearded;1
restoring;1
wailing;1
sorely;1
eagerer;1
generous;1
working;1
couched;1
burn;1
whitethorn;1
comments;1
countryside;1
forfeit;1
foremost;1
stableboy;1
lamb;1
ratcatching;1
impatience;1
piteously;1
quietly;1
attire;1
rabbits;1
leg;1
beautiful;1
worked;1
imps;1
state;1
jumble;1
crowed;1
welcome;1
events;1
snatching;1
cares;1
opposite;1
steadfastly;1
watchful;1
cub;1
servicebattered;1
1901;1
cup;1
thirty;1
wandered;1
warrior;1
manly;1
ware;1
prize;1
chase;1
accident;1
pent;1
routine;1
attack;1
coolness;1
bidest;1
worried;1
shout;1
tonsing;1
clad;1
cruelty;1
refused;1
perplexed;1
team;1
theft;1
standing;1
filling;1
defiant;1
watch;1
quit;1
shapely;1
surely;1
cunningly;1
friendship;1
smith;1
thigh;1
waged;1
smite;1
lie;1
goods;1
roughness;1
garth;1
blows;1
hap;1
proclaimed;1
homes;1
realize;1
hay;1
maidenhood;1
sighed;1
quivered;1
wary;1
waxes;1
doubt;1
weight;1
cheerful;1
tamed;1
district;1
hammering;1
deftly;1
playing;1
wars;1
gasped;1
impossible;1
effort;1
thicket;1
wave;1
anything;1
yea;1
lifting;1
merodine;1
keeneyed;1
painful;1
pain;1
hours;1
bringeth;1
refusal;1
trenchers;1
supper;1
pair;1
wager;1
wiser;1
faring;1
curves;1
marvel;1
paid;1
curlike;1
fencing;1
goatpaths;1
hammered;1
shadow;1
happy;1
pannikin;1
remembered;1
chairarms;1
pale;1
furiously;1
laws;1
threw;1
bide;1
players;1
infamy;1
dangling;1
slope;1
doings;1
respectfully;1
tiny;1
fearlessly;1
worship;1
athletic;1
meals;1
varlets;1
questioning;1
teaching;1
planned;1
nicks;1
crimson;1
ways;1
helmet;1
growl;1
comest;1
shiftily;1
thinkah;1
grasping;1
means;1
vows;1
desire;1
murmur;1
rusty;1
chap;1
crushing;1
friendly;1
experience;1
shown;1
beat;1
heeding;1
bear;1
swordhand;1
ambush;1
raising;1
sparks;1
shouting;1
puzzling;1
square;1
twice;1
hurts;1
deserted;1
surety;1
sobbed;1
thrusting;1
freebooters;1
tilts;1
elsewhere;1
farings;1
east;1
uphold;1
wildly;1
cleanlywise;1
trudged;1
villages;1
built;1
clear;1
xiii;1
tongs;1
banner;1
heavily;1
encounter;1
fellowship;1
seeking;1
selfmastery;1
third;1
hauberk;1
kingly;1
persisted;1
account;1
uneasy;1
sometime;1
mostly;1
compassion;1
beasts;1
meek;1
flushed;1
path;1
attendants;1
lowliest;1
trim;1
startled;1
blankly;1
hunting;1
soft;1
tumbledhow;1
happen;1
encircling;1
carefully;1
devised;1
scouring;1
milk;1
lacked;1
halfrind;1
finer;1
trying;1
gaunt;1
dealt;1
beds;1
stems;1
treatment;1
wherewith;1
loungers;1
piousness;1
shiver;1
comer;1
bottle;1
hot;1
interloper;1
grasp;1
pave;1
minx;1
grass;1
unlike;1
haltered;1
wedding;1
chafing;1
bins;1
chin;1
astride;1
stealing;1
regarded;1
austrians;1
calls;1
fragrant;1
sometimes;1
din;1
nowaha;1
arched;1
bohemia;1
fears;1
tale;1
wretched;1
adding;1
midst;1
legal;1
listened;1
signal;1
meshes;1
possibly;1
richard;1
spurned;1
journey;1
test;1
finally;1
fastened;1
thereafter;1
sallied;1
regarding;1
horseback;1
puzzled;1
occasions;1
plunging;1
narrowing;1
hinge;1
rather;1
title;1
papers;1
miss;1
trow;1
sheets;1
passes;1
thraldom;1
glistening;1
human;1
trickle;1
outward;1
crazed;1
espied;1
trod;1
httpswwwpgdpnet;1
2021;1
babe;1
tracks;1
entreaties;1
tame;1
although;1
encouragement;1
fiend;1
hayfilled;1
grant;1
illustrations;1
armies;1
adventurous;1
hope;1
attempt;1
thick;1
relish;1
tables;1
jests;1
banditsfor;1
battleax;1
text;1
husbands;1
mastership;1
kindness;1
lying;1
glittering;1
hood;1
yielded;1
hoof;1
vacant;1
heavy;1
contents;1
asks;1
hardest;1
curse;1
acting;1
penman;1
shield;1
thief;1
glanced;1
glances;1
deliver;1
sunnyhearted;1
bands;1
summer;1
scattered;1
outlaws;1
trunks;1
armiger;1
streaming;1
caravans;1
strike;1
governable;1
prostrate;1
keenest;1
shone;1
ministering;1
return;1
fenced;1
sulkily;1
forged;1
mail;1
nursing;1
nostrils;1
serve;1
aisle;1
convent;1
headship;1
confused;1
grain;1
credit;1
upward;1
waste;1
anvilbattering;1
sooner;1
bearing;1
youngerlings;1
fireplaces;1
picking;1
dubbed;1
present;1
glow;1
petty;1
laughter;1
belong;1
dst;1
stain;1
hither;1
rooted;1
included;1
wicked;1
waving;1
pretended;1
surveyed;1
breastlet;1
fright;1
meekly;1
pulling;1
lightened;1
proofreading;1
merchants;1
doubtfully;1
woke;1
racks;1
scream;1
sorrow;1
crash;1
granted;1
hiding;1
bank;1
defenders;1
oppressed;1
brow;1
meaning;1
drawing;1
band;1
runner;1
tales;1
vexation;1
15;1
19;1
tierce;1
quality;1
foulness;1
avoided;1
pillar;1
fray;1
regained;1
impatiently;1
ironshod;1
clung;1
goest;1
shower;1
bowmen;1
fact;1
hanseis;1
26;1
wiping;1
ironshot;1
swordsmans;1
questionsif;1
overlord;1
ought;1
33;1
stiff;1
middle;1
39;1
valor;1
creased;1
mans;1
warders;1
stay;1
oldest;1
afraid;1
descended;1
mane;1
limping;1
helpers;1
refugees;1
woodland;1
teemed;1
tread;1
leaves;1
falsely;1
greedy;1
53;1
streamed;1
riddles;1
surprise;1
impatient;1
gazed;1
invited;1
melonrind;1
bears;1
youthful;1
60;1
secured;1
reasons;1
stooping;1
jeering;1
rule;1
muzzle;1
scabbards;1
bitter;1
speed;1
towers;1
ranged;1
73;1
77;1
autumnal;1
strongholds;1
winning;1
starved;1
scabbard;1
seedling;1
foreseen;1
strutting;1
lodged;1
riches;1
money;1
healthy;1
halffamished;1
revolt;1
forever;1
86;1
base;1
glowed;1
claimed;1
stamping;1
stepping;1
deformed;1
relation;1
preparation;1
prick;1
unplumed;1
safety;1
lost;1
games;1
97;1
attempts;1
thronged;1
nests;1
lose;1
storiesone;1
cattle;1
sterner;1
fail;1
enjoyment;1
itself;1
anyone;1
fightingmen;1
wore;1
distress;1
steel;1
heartbreak;1
steep;1
church;1
enjoy;1
birds;1
ourselves;1
throwing;1
frontispiece;1
blaze;1
wellnigh;1
boldly;1
finger;1
loud;1
knightliness;1
repent;1
hunted;1
nice;1
appearance;1
weakling;1
soldier;1
forgot;1
illshapen;1
littleand;1
prepared;1
sped;1
maze;1
tight;1
space;1
deigned;1
chamber;1
spite;1
halted;1
midday;1
instants;1
travelstained;1
mysteries;1
yeoman;1
finished;1
published;1
christs;1
travelers;1
appointed;1
errands;1
hartsburg;1
keeler;1
seems;1
tossed;1
mug;1
billet;1
goodby;1
imp;1
platform;1
attendant;1
moments;1
array;1
spend;1
dodging;1
fortune;1
hathitrust;1
grave;1
trade;1
round;1
swordsman;1
fleeing;1
growth;1
saved;1
keenly;1
eliseall;1
allowed;1
staying;1
awful;1
ignoring;1
shaken;1
score;1
music;1
flemish;1
sorts;1
moving;1
shortest;1
needful;1
childrena;1
dealing;1
excellent;1
unsought;1
childrens;1
invaders;1
warming;1
guest;1
happening;1
charged;1
folded;1
shortly;1
shoulderhe;1
firmly;1
hasten;1
immediately;1
gazing;1
rolling;1
stretched;1
cudgel;1
grasses;1
aspect;1
stirrup;1
agreed;1
curled;1
stoves;1
pulled;1
stung;1
onset;1
womans;1
weird;1
descent;1
calling;1
sweet;1
stronghold;1
horseand;1
restless;1
66498;1
nine;1
fleet;1
acclaim;1
red;1
acid;1
spring;1
musing;1
neer;1
leveleyed;1
finish;1
morrow;1
mayhap;1
peoples;1
remedy;1
staggered;1
shelf;1
shell;1
begged;1
therefore;1
trust;1
defied;1
scrambling;1
wonderingly;1
choose;1
ride;1
sleeping;1
stretch;1
trencher;1
vow;1
mistake;1
cleverly;1
aglow;1
chiefly;1
flinched;1
praise;1
clipped;1
whinnied;1
shunning;1
pushed;1
ribs;1
stilly;1
copyright;1
release;1
slim;1
overlooked;1
springy;1
towered;1
pleading;1
strangely;1
judge;1
defile;1
sunshinestoring;1
eggs;1
similar;1
wrathful;1
distributed;1
shrubbery;1
thousands;1
carven;1
brawl;1
aid;1
vixen;1
prussia;1
tone;1
uncle;1
swell;1
spilled;1
spear;1
yield;1
share;1
outcome;1
stores;1
moat;1
clustered;1
boasted;1
meantime;1
powerful;1
sham;1
bushes;1
knowof;1
moan;1
tiredly;1
royal;1
reined;1
theyre;1
journeys;1
thatand;1
precision;1
honor;1
naked;1
wielder;1
spur;1
dimness;1
undertake;1
followest;1
bridle;1
quarterstaff;1
buffet;1
links;1
ale;1
read;1
soundly;1
woods;1
touch;1
woody;1
tool;1
mended;1
alas;1
followers;1
ulric;1
companionship;1
shattered;1
badly;1
torn;1
fended;1
befallen;1
reaching;1
farthest;1
molestedbut;1
running;1
grunt;1
tore;1
saying;1
row;1
harder;1
fifteen;1
obediently;1
poles;1
pricking;1
caring;1
glowered;1
ring;1
taste;1
anywhere;1
acts;1
bargain;1
abashed;1
companies;1
beforehis;1
english;1
rind;1
gentle;1
stalls;1
joyful;1
heartiness;1
nicholas;1
withers;1
slammed;1
remain;1
forgiveness;1
bandaged;1
fugitives;1
eye;1
blackletter;1
widened;1
stablehangers;1
truer;1
maybe;1
eviler;1
enemy;1
pounce;1
doubting;1
knack;1
notion;1
gray;1
fluttering;1
tarnished;1
fitten;1
esteem;1
thoughtful;1
noticed;1
nest;1
whirled;1
sneaked;1
bowed;1
recovered;1
wrestled;1
rub;1
rue;1
becoming;1
shouldersfrom;1
swung;1
sterling;1
fringed;1
doughty;1
wurtemberg;1
forgetting;1
unkindly;1
sounded;1
openly;1
watcher;1
exclaimed;1
wounds;1
mold;1
everhardts;1
yards;1
gladly;1
trotting;1
bernard;1
book;1
forgave;1
shot;1
drops;1
testily;1
hurriedly;1
ally;1
shied;1
stupidly;1
hence;1
lived;1
skilfulest;1
andhere;1
learned;1
frown;1
awe;1
grind;1
earnestness;1
summons;1
hurled;1
misdoer;1
risk;1
rise;1
stirrupleather;1
delicate;1
yard;1
whistling;1
foes;1
pledged;1
upturned;1
bridlereins;1
fullfacing;1
catch;1
issued;1
promising;1
images;1
lofty;1
hardness;1
completely;1
rested;1
roughened;1
hump;1
broadchested;1
harry;1
exercise;1
youngest;1
fireplace;1
gain;1
hardship;1
pressing;1
freedom;1
web;1
criminals;1
seldom;1
wed;1
makebelieve;1
grip;1
wet;1
noblemans;1
heres;1
happened;1
wrong;1
disorder;1
sifted;1
rage;1
sides;1
yarn;1
trodden;1
certain;1
smothering;1
wondered;1
shut;1
bidding;1
springing;1
simple;1
herds;1
malignant;1
choking;1
looks;1
letting;1
wrapped;1
otherwise;1
hunt;1
tangle;1
gruesome;1
sunk;1
keen;1
forgiving;1
bridlepath;1
ropes;1
daughter;1
raid;1
wondrous;1
devinne;1
awaken;1
plunderers;1
died;1
bowl;1
endurance;1
wards;1
unhurt;1
rearing;1
candidate;1
jerusalem;1
traced;1
outand;1
itll;1
lawyer;1
longhandled;1
butter;1
disclosed;1
blackbrowed;1
timbers;1
stillconradt;1
extent;1
climbers;1
regaining;1
dipped;1
storming;1
greeting;1
bah;1
dissenting;1
leaped;1
losing;1
hush;1
husk;1
fix;1
loath;1
giant;1
rank;1
portend;1
grow;1
ah;1
angry;1
clashed;1
haunted;1
lashing;1
onslaught;1
ax;1
fearfor;1
applause;1
drive;1
greatly;1
brother;1
conventrather;1
frank;1
prove;1
upstart;1
proven;1
pickle;1
inward;1
tooth;1
compared;1
radiance;1
lurking;1
joined;1
familiar;1
instructed;1
admiration;1
plunge;1
earnest;1
huts;1
weightyseeming;1
bed;1
beauty;1
language;1
nearest;1
lastas;1
strangeness;1
shouts;1
attacks;1
accounted;1
garment;1
needs;1
wavering;1
favored;1
softened;1
warhorse;1
complain;1
nuzzling;1
zeal;1
fourteen;1
bucklerbearer;1
anxiety;1
tuneful;1
nickering;1
parts;1
unwed;1
manhood;1
duties;1
yellowhaired;1
tears;1
trained;1
shy;1
stiffen;1
trembling;1
origin;1
explained;1
fox;1
oily;1
alert;1
setto;1
weatherbeaten;1
outstretched;1
sir;1
digital;1
tenderness;1
recalled;1
falter;1
handthe;1
outbuildings;1
rhythm;1
stroke;1
breed;1
stalwart;1
cliffside;1
blandness;1
bid;1
wrestling;1
rubbing;1
beheld;1
crowd;1
thankful;1
ludovics;1
wwwgutenbergorg;1
appeared;1
unaware;1
drag;1
crown;1
deft;1
dint;1
grasped;1
smoothed;1
ordinary;1
fellowworkers;1
drink;1
camest;1
fodder;1
sakewith;1
talked;1
edging;1
defy;1
rascal;1
shrieked;1
semblance;1
landholders;1
freebooting;1
whirl;1
weareth;1
library;1
windings;1
thered;1
ritter;1
briefest;1
sullen;1
wooded;1
fowl;1
knee;1
slung;1
hide;1
smoothness;1
overmuch;1
slender;1
equals;1
illdoer;1
married;1
slunk;1
swathings;1
paused;1
theirs;1
constant;1
several;1
lt;1
sign;1
panting;1
unchallenged;1
faster;1
falls;1
son;1
alongstream;1
picked;1
perilous;1
broadshouldered;1
different;1
directly;1
landif;1
unwonted;1
tinge;1
foothold;1
author;1
harkened;1
restrictions;1
license;1
hateful;1
dream;1
proclaim;1
coal;1
malice;1
fluttered;1
clownish;1
heat;1
impelling;1
bride;1
lowly;1
box;1
bow;1
preparations;1
elders;1
pursued;1
considerable;1
heap;1
rescue;1
steeds;1
sentry;1
pretty;1
sports;1
readier;1
hedged;1
101;1
earth;1
tilled;1
cock;1
unspotted;1
buried;1
pains;1
proclamation;1
115;1
lighten;1
rocked;1
tripped;1
forks;1
closely;1
daft;1
blindness;1
lowered;1
remaining;1
125;1
clasped;1
guardianship;1
lords;1
plunged;1
autumn;1
sue;1
grounded;1
neighboring;1
seek;1
rapscallion;1
seem;1
132;1
managed;1
bewitch;1
confessor;1
apart;1
slipping;1
silent;1
laying;1
daunted;1
moaned;1
fancied;1
makes;1
loads;1
quits;1
closer;1
single;1
145;1
crowned;1
quarterhours;1
th;1
cloak;1
depths;1
wormwood;1
available;1
noised;1
quest;1
pairs;1
stunned;1
sparred;1
ruled;1
sneered;1
betrothed;1
ironclad;1
sentimentality;1
praised;1
hastened;1
sorehearted;1
161;1
stole;1
upright;1
thin;1
recess;1
especially;1
dismay;1
frightened;1
changed;1
speeding;1
yoke;1
ruffian;1
throne;1
gruff;1
gad;1
throng;1
173;1
clapping;1
177;1
kin;1
shapes;1
throughout;1
missing;1
mcmii;1
virtue;1
slight;1
twang;1
lied;1
187;1
xi;1
superior;1
zest;1
speedily;1
ones;1
deeper;1
bluff;1
nightfall;1
xv;1
sack;1
backed;1
scotfree;1
198;1
terms;1
dreadful;1
presence;1
inability;1
plucked;1
overhead;1
wife;1
ornaments;1
pillage;1
halves;1
stately;1
cowered;1
tableland;1
eberhard;1
splendor;1
racing;1
south;1
insignificant;1
north;1
wear;1
poultice;1
weak;1
noon;1
assert;1
course;1
leap;1
copy;1
lawless;1
tankards;1
yielding;1
tired;1
sally;1
continued;1
lead;1
amazed;1
massive;1
ended;1
gentlemen;1
chorus;1
scarce;1
date;1
brawling;1
corn;1
rightful;1
strode;1
eased;1
tillage;1
playmates;1
gentlehood;1
xii;1
sunny;1
sightly;1
officers;1
tossing;1
xiv;1
stroking;1
goes;1
ugly;1
lawlessness;1
judged;1
efforts;1
council;1
hills;1
flung;1
chanced;1
week;1
hearty;1
scale;1
riding;1
hadst;1
hedge;1
neigh;1
hers;1
quart;1
security;1
hair;1
challenged;1
hearth;1
feeble;1
challenger;1
bouts;1
nose;1
shrill;1
cleaning;1
cost;1
motion;1
studied;1
privily;1
edges;1
york;1
scamp;1
dignity;1
rival;1
