;1132
t;592
e;482
a;400
i;348
r;326
n;257
s;238
o;222
l;203
p;184
de;149
c;129
d;121
h;90
g;82
u;81
f;80
m;76
el;73
en;66
la;61
tika;58
que;56
x;53
y;47
un;45
k;41
los;38
del;33
v;32
1;30
2;30
new;30
podemos;30
apache;26
como;26
5;25
para;25
3;24
4;24
se;24
es;23
por;20
texto;19
b;18
ta;18
fichero;17
j;16
con;16
una;16
rg;16
8;15
9;15
parser;15
las;15
ejemplo;15
pdf;14
system;14
metada;14
nos;14
metadatos;14
or;14
6;13
7;13
forma;13
documento;13
10;12
extraer;12
ejemplos;12
documentos;11
mas;11
11;11
xml;10
conten;10
and;10
name;10
contenido;10
este;10
0;9
document;9
utilizar;9
lo;9
12;9
si;9
informacion;9
z;8
formato;8
tikaapp210jar;8
java;8
podremos;8
encontrar;8
distintos;8
og;8
13;8
14;8
outpu;8
w;7
puede;7
jar;7
mime;7
al;7
sobre;7
url;7
15;7
16;7
17;7
18;7
21;7
salida;7
permite;6
donde;6
gui;6
etc;6
asi;6
entregar;6
xhtml;6
tipo;6
web;6
practica;6
id;6
le;6
no;6
19;6
20;6
22;6
org;6
ficheros;6
aplicaciones;5
thand;5
cada;5
grafico;5
caso;5
simple;5
lenguaje;5
sax;5
ch;5
digitales;5
clase;5
frecuencia;5
tipos;5
descargar;5
use;5
on;5
metadata;5
23;5
bodyconten;5
realizar;5
entrada;5
esto;5
utilizando;5
html;5
esta;5
formatos;4
tml;4
hemos;4
siguiente;4
hacer;4
pero;4
bien;4
pagina;4
httpstikaapacheorg;4
contenthandler;4
tada;4
codificacion;4
computacion;4
ugr;4
image;4
2005;4
partir;4
in;4
depar;4
tamano;4
main;4
uso;4
me;4
libro;4
met;4
pdfparser;4
amen;4
analisis;4
metodo;4
24;4
25;4
30;4
th;4
to;4
incluir;4
considerar;4
type;4
enlaces;4
proporciona;4
ver;4
menos;3
visto;3
version;3
chxml;3
eje;3
textual;3
todo;3
herramienta;3
encoding;3
parsed;3
deteccion;3
ioma;3
orden;3
interfaz;3
escrito;3
mode;3
datos;3
app;3
nivel;3
objetivo;3
mismos;3
fecha;3
tohtmlhandler;3
tareas;3
traves;3
cuando;3
queremos;3
proceso;3
you;3
sea;3
by;3
cp;3
ejecutar;3
sin;3
length;3
solo;3
parse;3
constantes;3
uno;3
completo;3
stream;3
ly;3
son;3
www;3
control;3
sistemas;3
px;3
09;3
28;3
31;3
su;3
automatica;3
loglog;3
permitiendo;3
palabras;3
estructura;3
tanto;3
httpsdecsaiugres;3
tohtmlcontenthandler;3
28t07;3
granada;3
programas;3
caracteres;2
idioma;2
metadatanames;2
xmp;2
explorando;2
ten;2
mayor;2
estos;2
sera;2
conjunto;2
pasos;2
pasado;2
identificacion;2
toxmlcontenthandler;2
detectar;2
frances;2
iso;2
reader;2
pag;2
rgumen;2
linea;2
directorio;2
termino;2
cabeceras;2
tlanguage;2
400;2
parametro;2
apartado;2
extraccion;2
names;2
body;2
pxml;2
httptikaapacheorg;2
representa;2
desde;2
correcto;2
xtika;2
deben;2
considerando;2
csv;2
password;2
models;2
ley;2
png;2
obtener;2
veremos;2
entiende;2
encuentra;2
generica;2
asignatura;2
httpssvnapacheorgreposasftikatrunktikaexample;2
recomienda;2
utilizara;2
mediante;2
detecta;2
applicationpdf;2
usage;2
obteniendo;2
utiliza;2
mayoria;2
componentes;2
usan;2
sencilla;2
inputstream;2
tres;2
utilizan;2
especificos;2
pasa;2
alto;2
wid;2
httpstikaapacheorg210parserhtml;2
generar;2
wit;2
parsecontext;2
mismo;2
httpswordartcomcreate;2
estamos;2
plano;2
frank;2
ello;2
anterior;2
ser;2
busqueda;2
nube;2
da;2
httpscwikiapacheorgconfluencedisplaytika;2
entrega;2
debe;2
ex;2
pueden;2
for;2
ge;2
mundo;2
2021;2
decreciente;2
utilizado;2
action;2
text;2
hora;2
dos;2
zipf;2
httpswwwgutenbergorg;2
elementos;2
extrae;2
trabajo;2
codigo;2
terminos;2
8859;2
dichas;2
nuestros;2
formateado;2
nombre;2
head;2
of;2
httpstikaapacheorg210exampleshtml;2
handler;2
programa;2
trabajar;2
xmlparser;2
rm;2
ro;2
ejemplosimple;2
26;2
27;2
29;2
apare;2
sus;2
32;2
33;2
cualquier;2
comandos;2
todos;2
41;2
aplicacion;2
vo;2
trabajando;2
entender;2
identificar;2
ws;2
patron;2
sistema;2
tener;2
hace;2
extension;2
utf8;2
podriamos;2
geo;2
httpstikaapacheorg16formatshtml;2
contenga;2
httpswwwtutorialspointcomtika;2
ika;2
date;2
tengamos;2
from;2
vez;2
desarrollo;2
eibe;2
debemos;2
can;2
parsetostring;2
cuenta;2
poder;2
contenttype;2
xls;2
implementar;1
pide;1
toda;1
themes;1
tec;1
rag;1
ioexception;1
util;1
contribucion;1
siempre;1
obtenemos;1
minusculas;1
titulo;1
cen;1
example;1
castellano;1
clasifi;1
cer;1
cacion;1
propios;1
modificar;1
fase;1
textos;1
analizadores;1
drupa;1
the;1
accedemos;1
primeros;1
ejemplosimplejava;1
8138814;1
especial;1
tratamiento;1
orgapachetikatika;1
http;1
httpssvnapache;1
tenemos;1
tiposubtipo;1
ioexcep;1
hacerlo;1
tutorial;1
fachada;1
version15;1
pasemos;1
message;1
zitting;1
destacar;1
almacenados;1
defecto;1
number;1
pueda;1
aprendizaje;1
veamos;1
idiomas;1
diferentes;1
ficheroxhtml;1
diseno;1
consideren;1
convirtiendo;1
save;1
stemmer;1
creados;1
hacen;1
lineal;1
mobi;1
org210exampleshtml;1
objetos;1
ecuacion;1
tikaapacheorg16formatshtml;1
aquellos;1
grupo;1
tarea;1
modi;1
saxexception;1
listado;1
void;1
procesar;1
tionar;1
ream;1
atributovalor;1
were;1
primero;1
entrar;1
ordenacion;1
media;1
mattmann;1
casos;1
row;1
motores;1
perdido;1
realizamos;1
openst;1
avanzar;1
consiste;1
seccion;1
ayuda;1
cutando;1
idealmente;1
pasar;1
lee;1
2podemos;1
docu;1
seguir;1
english;1
api;1
ext;1
espanol;1
probable;1
vamos;1
capaz;1
ejecutarlo;1
quizas;1
disponibles;1
ejecutando;1
numero;1
applicationmsword;1
ademas;1
posicion;1
rss;1
ellas;1
orgapachetikaparserparser1;1
lnkm;1
where;1
art;1
agrupar;1
gran;1
almacenaremos;1
teniendo;1
team;1
cest;1
dando;1
ppt;1
limitado;1
recurrir;1
representar;1
han;1
adicionales;1
imagenes;1
metodos;1
pro;1
determinado;1
basicos;1
string;1
alli;1
recomendacion;1
xmlns;1
proporcionan;1
parserhtml;1
embargo;1
window;1
muestra;1
sintacticos;1
consideramos;1
facade;1
distintas;1
httpswwwtutorialspoint;1
previo;1
semantico;1
recomen;1
tamos;1
necesariamente;1
comtika;1
lnf;1
lnr;1
separa;1
chris;1
usuario;1
determinar;1
clases;1
esperar;1
lacename;1
analizara;1
wed;1
orgreposasftikatrunktikaexample;1
more;1
entorno;1
width;1
identificados;1
operaciones;1
identificador;1
otros;1
reamos;1
used;1
imageneswordcloudpng;1
1mas;1
archivo;1
entienden;1
presenten;1
textplain;1
campo;1
comercio;1
httptikaapache;1
estadar;1
cambiar;1
indicando;1
httpstikaapache;1
presentara;1
denominada;1
principal;1
september;1
localizacion;1
adds;1
jpg;1
facil;1
debug;1
animaciones;1
alternativa;1
federowicz;1
espana;1
ddu;1
consultar;1
mentos;1
siguientes;1
electronico;1
generadas;1
incremen;1
dev;1
permiten;1
adjunto;1
misma;1
relacionados;1
soporte;1
edicion;1
httpstikaapacheorg210;1
personas;1
as;1
cual;1
paso;1
algoritmos;1
acceder;1
be;1
importar;1
cciaugr;1
disponemos;1
proyecto;1
daremos;1
elaborar;1
hoja;1
despues;1
sep;1
muchas;1
ce;1
clave;1
gestion;1
incluidos;1
displaytika;1
delega;1
existen;1
igual;1
salidas;1
dc;1
javac;1
nuestro;1
language;1
parte;1
extraido;1
formatos2;1
indicara;1
cerrado;1
nuestra;1
parsearhtml;1
apropiados;1
ed;1
merece;1
facilitando;1
verificacion;1
algunos;1
final;1
leido;1
leopt;1
algun;1
100000;1
fr;1
title;1
tikaexception;1
tiene;1
0120884070;1
organizacion;1
json;1
analizan;1
conversion;1
clara;1
genericos;1
custom;1
pequeno;1
fork;1
conceptos;1
asig;1
grama;1
almacenada;1
context;1
https;1
integridad;1
ir;1
autor;1
crear;1
imagenestikapng;1
iente;1
doc;1
messages;1
odt;1
incluso;1
algunas;1
especifico;1
known;1
tabla;1
especifica;1
herramientas;1
resourcenamekey;1
llamamos;1
completa;1
doctype;1
mpeg4;1
actualizada;1
ln;1
mail;1
loadmode;1
abstracta;1
comportamiento;1
office;1
311;1
312;1
dada;1
313;1
salvo;1
314;1
315;1
316;1
logo;1
entre;1
lista;1
sigue;1
author;1
throws;1
v210;1
multipursose;1
keys;1
sean;1
considerable;1
buscadores;1
natura;1
opcion;1
os;1
dado;1
informe;1
utilizadas;1
imized;1
cuelgan;1
documental;1
sigu;1
distribucion;1
bytes;1
centrarnos;1
ngram;1
octubre;1
utilidad;1
subdirectorio;1
crearemos;1
independiente;1
inteligencia;1
muchos;1
booth;1
124;1
crawler;1
charsetiso88591;1
44092;1
acceso;1
propio;1
tikaparserfile;1
min;1
34;1
35;1
36;1
37;1
38;1
39;1
one;1
orgapachetikaparserpdfpdfparser;1
diferente;1
pasamos;1
necesario;1
ranking;1
40;1
42;1
open;1
43;1
44;1
45;1
46;1
47;1
podeis;1
48;1
49;1
obtenida;1
fuente;1
ice;1
contexto;1
potencialidades;1
opcional;1
parsear;1
xxxxxx;1
50;1
51;1
w3;1
52;1
53;1
54;1
poco;1
55;1
56;1
57;1
58;1
creaamos;1
59;1
alumno;1
ajuste;1
va;1
cliente;1
exploramos;1
conocer;1
60;1
resourcename;1
61;1
62;1
63;1
internet;1
64;1
seguros;1
65;1
drop;1
66;1
67;1
isbn;1
tructurado;1
tambien;1
sacandole;1
otra;1
normal;1
figure;1
dentro;1
recuperacion;1
figura;1
dacion;1
calculo;1
implementa;1
grande;1
mp3;1
artificial;1
mahout;1
gutenberg;1
software;1
ya;1
opciones;1
traen;1
automatico;1
indica;1
streams;1
aranas;1
preprocesado;1
septiembre;1
bucear;1
mato;1
varias;1
word;1
dara;1
interesados;1
out;1
eam;1
ges;1
funcion;1
preciso;1
grupos;1
httpscwikiapacheorgconfluence;1
obtenido;1
help;1
3821;1
presentaciones;1
utilizarlo;1
wiki;1
indexacion;1
indicados;1
teecontenthandler;1
ingles;1
ocurrencias;1
tal;1
tam;1
variedad;1
encuentran;1
individual;1
pruebatxt;1
estructurado;1
comprobar;1
encriptados;1
gif;1
internamente;1
concreto;1
imo;1
leer;1
jukka;1
centraremos;1
ordenador;1
ordenados;1
command;1
imagejpeg;1
tipico;1
viene;1
sultar;1
recursos;1
ocurrencia;1
argumento;1
