;2818
de;222
la;133
en;116
el;90
que;85
diapositiva;78
1;73
del;70
0;62
un;61
se;59
d;57
documento;57
los;57
a;54
q;54
es;54
t;51
modelo;44
no;44
para;40
the;39
y;39
una;37
consulta;36
modelos;35
termino;34
terminos;30
frecuencia;29
como;29
documentos;28
tf;28
con;26
por;26
2;25
p;25
coleccion;25
longitud;24
probabilidad;22
3;21
mas;21
las;20
vectorial;18
m;17
d1;17
ranking;17
w;16
cada;16
pesos;16
d2;16
relevancia;16
web;15
desert;15
is;15
doc;15
4;14
docs;14
10;14
forma;13
puede;13
log;13
lenguaje;13
consultas;13
ser;13
probabilisticos;13
lm;13
ri;13
si;13
espacio;12
d3;12
people;12
booleano;12
mayor;11
numero;11
pero;11
al;11
son;11
palabras;11
avdl;11
esta;11
score;10
okapi;10
informacion;10
ejemplo;10
o;9
orden;9
hay;9
peso;9
graph;9
little;9
k1;9
of;9
18;9
idf;9
recuperacion;9
segun;9
5;8
8;8
b;8
ordenar;8
esquema;8
ab;8
d4;8
tiene;8
in;8
k2;8
dos;8
02;8
texto;8
probabilidades;8
wt;8
tdq;7
6;7
valores;7
cero;7
001;7
are;7
coseno;7
general;7
00107239;7
sobre;7
tienen;7
k3;7
jaccard;7
problema;7
probabilistico;7
16;7
norma;7
59;7
considerar;7
calculo;7
tener;7
relevante;7
said;7
x;6
00080429;6
pivote;6
lonely;6
simple;6
modelado;6
term;6
prince;6
model;6
it;6
l2;6
lo;6
su;6
valor;6
introduccion;6
00001;6
funcion;6
muy;6
cuenta;6
clasicos;5
permite;5
9;5
conjunto;5
basado;5
vectores;5
etc;5
unigram;5
contenido;5
dirichlet;5
usuario;5
basados;5
utilizar;5
utilizan;5
bm25;5
politico;5
df;5
pueden;5
ir;5
similitud;5
entre;5
total;5
q1;5
documental;5
01;5
15;5
30;5
this;5
vs;5
otro;5
tanto;5
considera;5
independientemente;4
largos;4
estos;4
7;4
criterios;4
k;4
suele;4
information;4
donde;4
multiplicar;4
woman;4
television;4
cos;4
net;4
media;4
podria;4
and;4
considerando;4
models;4
002;4
representan;4
00134048;4
nos;4
medida;4
importancia;4
cierre;4
usualmente;4
comparan;4
0255;4
sea;4
d5;4
d6;4
hoy;4
d7;4
tfidf;4
language;4
dw;4
aparece;4
algunas;4
penaliza;4
m1;4
ld;4
mixtos;4
dada;4
on;4
dado;4
sistemas;4
quijote;4
ps;4
independiente;4
12;4
13;4
20;4
28;4
decision;4
ta;4
40;4
comun;4
00187668;4
asume;4
formula;4
entonces;4
independencia;4
aparecen;4
utilizando;4
constante;4
normalizar;4
cataluna;3
posible;3
mezcla;3
youre;3
c;3
s;3
its;3
logaritmos;3
tenemos;3
there;3
well;3
00162858;3
influencia;3
too;3
suavizado;3
precision;3
representa;3
medir;3
veces;3
grado;3
grandes;3
recuperar;3
beautiful;3
smoothing;3
suelen;3
importante;3
otras;3
pleaseth;3
where;3
principle;3
pqd;3
comunes;3
last;3
page;3
what;3
tipo;3
distintas;3
when;3
numeros;3
binario;3
probability;3
prob;3
transforma;3
propiedades;3
sesgo;3
dar;3
depende;3
sentencia;3
comparar;3
mismo;3
bag;3
retrieval;3
presidente;3
at;3
busqueda;3
words;3
dia;3
dt;3
debe;3
algunos;3
resumed;3
robertson;3
caesar;3
lenguajes;3
solo;3
uno;3
ha;3
generacion;3
large;3
tamano;3
don;3
distintos;3
uso;3
that;3
revenue;3
evitar;3
earth;3
pq;3
somewhere;3
110;3
qm;3
11;3
14;3
22;3
25;3
exceso;3
34;3
36;3
37;3
makes;3
toman;3
td;3
problemas;3
conjuntos;3
tq;3
calcula;3
hides;3
60;3
idea;3
realizar;3
ya;3
among;3
ides;3
asignar;3
estimar;3
coste;3
este;3
snake;3
normalizacion;3
poder;3
notar;2
idioma;2
mejora;2
intuitivamente;2
visto;2
distinto;2
util;2
comunidad;2
i;2
j;2
n;2
todo;2
r;2
v;2
definicion;2
gol;2
primeros;2
emparejar;2
esencial;2
respuesta;2
hacia;2
problematica;2
basada;2
mixture;2
incertidumbre;2
lado;2
contienen;2
coche;2
gained;2
hemos;2
2162;2
hacer;2
singhal;2
palabra;2
usuarios;2
optimiza;2
5473;2
pertenece;2
todas;2
210;2
hipotesis;2
combinar;2
omitir;2
autores;2
estan;2
anadir;2
pmd;2
unos;2
datos;2
espanol;2
mecanismos;2
003;2
tatbtc;2
obtener;2
tampoco;2
document;2
arte;2
objetivo;2
formalismo;2
vistos;2
gran;2
pequenos;2
penalizar;2
definir;2
pqm;2
tematica;2
aun;2
booleanos;2
upyd;2
ptd;2
ptm;2
pais;2
2810;2
tras;2
7280;2
pcoste;2
bien;2
julius;2
explicita;2
criterio;2
semantica;2
priori;2
insuficientes;2
1996;2
1510;2
obra;2
ante;2
tratan;2
estado;2
otros;2
solucion;2
generar;2
facil;2
original;2
1330;2
espana;2
mercer;2
siguientes;2
permiten;2
yon;2
misma;2
alfabeto;2
personas;2
tienden;2
suavizar;2
1bb;2
dft;2
cual;2
buscamos;2
distribuciones;2
cf;2
march;2
cs;2
salidas;2
siendo;2
carlos;2
dk;2
dl;2
parte;2
dk1;2
dq;2
down;2
encontrar;2
rtvv;2
final;2
necesitamos;2
for;2
aleatorio;2
1162;2
sin;2
class;2
mundo;2
conceptos;2
antony;2
incluye;2
frecuencias;2
sayst;2
crece;2
maiden;2
decir;2
conjuntiva;2
libre;2
man;2
dpm;2
iesimo;2
completa;2
le;2
aparezca;2
calcular;2
necesidad;2
likes;2
reyes;2
ideal;2
hipotetica;2
ni;2
asumamos;2
emparejamiento;2
deberia;2
q2;2
ambas;2
escuadra;2
sri;2
cosdq;2
pd;2
distribucion;2
obtiene;2
pm;2
03;2
based;2
qt;2
17;2
19;2
servicios;2
estadisticas;2
concepto;2
t1;2
t2;2
21;2
t3;2
dwt;2
t4;2
29;2
sus;2
vector;2
frec;2
31;2
33;2
tb;2
tc;2
but;2
0004x000006x;2
0961;2
50;2
query;2
mle;2
fabra;2
asumimos;2
basico;2
intuicion;2
finalmente;2
grande;2
informatica;2
jelinekmercer;2
sistema;2
cleopatra;2
1610;2
yo;2
90;2
0526;2
vasco;2
linguistico;2
jelinek;2
millones;2
precisa;2
cadenas;2
2736;2
data;2
proporciona;2
esto;2
abordar;2
ocurrencias;2
vez;2
penalizando;2
granada;2
inversa;2
tf0;2
optimal;1
functions;1
hamlet;1
menores;1
posibles;1
notas;1
especificacion;1
6908;1
vicepresidente;1
because;1
000100008000080000032e12;1
caida;1
google;1
utitiliza;1
analysis;1
sera;1
puntuacion;1
0375;1
pequenas;1
obtenemos;1
statistical;1
comerciales;1
factores;1
actualmente;1
batalla;1
subsequently;1
001604;1
docena;1
example;1
compone;1
tqk2;1
same;1
tftd;1
funciona;1
relevanteno;1
wikipedia;1
aparcarlo;1
w1wi1;1
arriba;1
geometrica;1
textos;1
maximo;1
bucley;1
severa;1
brutus;1
decreases;1
descripcion;1
reports;1
valenciano;1
autonoma;1
mezclado;1
deportes;1
democracia;1
hablan;1
similaridad;1
provoca;1
controla;1
queda;1
fk1bbd;1
asignando;1
1256;1
ambito;1
emparejan;1
par;1
need;1
plagada;1
mitra;1
multinomiales;1
determinan;1
clasico;1
efectiva;1
significa;1
unitarios;1
linea;1
2129;1
seleccionaran;1
diferencia;1
voy;1
ocurren;1
worser;1
simplificacion;1
computo;1
mente;1
with;1
grises;1
efectivo;1
familia;1
0429854d2;1
unicas;1
xerox;1
estadistico;1
continuacion;1
normaliza;1
normalization;1
mejor;1
parametrob;1
manteniendo;1
ahi;1
siguiente;1
costos;1
diferentes;1
binary;1
ponga;1
diseno;1
5263001502010d3;1
demasiado;1
fundacion;1
0019528988;1
demasiados;1
hacen;1
top;1
cuanto;1
3256;1
individuales;1
parecer;1
lineal;1
stochastic;1
coocurrencias;1
ecuacion;1
1log;1
coeficiente;1
vehiculo;1
tbtc;1
ordenes;1
pocos;1
futuro;1
toma;1
mu100;1
rosa;1
tqd;1
representacion;1
pib;1
topo;1
desventajas;1
yonthe;1
conectores;1
similaridades;1
stopwords;1
othello;1
desde;1
comparison;1
representativo;1
asociados;1
recuperadora;1
real;1
sensato;1
autoridad;1
pregunta;1
eran;1
alternativas;1
normpivote;1
basic;1
primero;1
causa;1
implementaciones;1
vueltas;1
combinacion;1
tsj;1
expresada;1
simples;1
correcta;1
define;1
tokens;1
canal9;1
combinan;1
creciente;1
consiste;1
estar;1
pln;1
amplio;1
objetivopara;1
diferencias;1
cumplir;1
basaban;1
estimacion;1
modela;1
cte;1
articulo;1
comparacion;1
using;1
yantaria;1
dmqpdpdqpdpdqp;1
bueno;1
probable;1
004;1
buena;1
zaragoza;1
gobierno;1
contadores;1
parcialmente;1
ademas;1
coordenadas;1
limite;1
mecanismo;1
suavicen;1
mejorar;1
aproximaciones;1
010;1
cualquiera;1
tomado;1
canal;1
graphthe;1
lc59;1
encuentra;1
scorevsm;1
provienen;1
cambiado;1
dando;1
caballero;1
noticias;1
lleva;1
dependiente;1
algo;1
pmarca;1
25d;1
estilo;1
00011q;1
representar;1
generales;1
032;1
034;1
estima;1
faltaba;1
ptcol;1
antiguos;1
prd;1
simplificar;1
desventaja;1
secuencia;1
interpolar;1
insufficient;1
alabado;1
alfabetico;1
finalizar;1
prp;1
determinado;1
fecha;1
ciudad;1
basicos;1
distribuirlos;1
000036193;1
disyuntiva;1
pasara;1
distinguir;1
estrategia;1
mejores;1
proporcionar;1
calculados;1
not;1
computan;1
proporcional;1
tqk21;1
factor;1
escala;1
expresiones;1
anuncia;1
ingenieria;1
ptdoctfld;1
macbeth;1
llamando;1
incluyen;1
observing;1
time;1
jaccardab0;1
calculado;1
experimental;1
teorica;1
075;1
lms;1
caso;1
unigramas;1
resultados;1
plazas;1
comunidades;1
solapamiento;1
00100001;1
greater;1
1977;1
generation;1
catal;1
elemenots;1
colecciones;1
operadores;1
inminente;1
presentan;1
pocas;1
mida;1
utiliza;1
00044d1;1
mide;1
q1k1;1
obras;1
atenuar;1
supongamos;1
caracteristicas;1
procesamiento;1
determinar;1
experimentalmente;1
mayoria;1
explicado;1
esperar;1
cuentan;1
modern;1
centro;1
siguen;1
manejo;1
pageis;1
cuando;1
cerrar;1
esperan;1
conocemos;1
situaciones;1
conductores;1
verbosidad;1
asociadas;1
usar;1
8170;1
dice;1
razonable;1
razones;1
mtpmqp;1
similitudes;1
formas;1
00107001070010700160;1
forman;1
queremos;1
most;1
elevar;1
devolver;1
utilidades;1
presentara;1
tradicionales;1
alto;1
torno;1
principal;1
corta;1
gtermqdoc;1
ganar;1
profit;1
introduction;1
resp;1
proceso;1
mixto;1
demuestra;1
alternativa;1
ninguna;1
parece;1
realmente;1
dmld;1
politica;1
economico;1
influyen;1
consultar;1
conveniente;1
further;1
ningun;1
frequencies;1
sugerencia;1
estampa;1
efectividad;1
recien;1
cambios;1
especificar;1
marca;1
mantener;1
verosimilitud;1
0000;1
complex;1
relacionados;1
aa;1
aparicion;1
responsabilidad;1
lanzar;1
producir;1
estudiados;1
competitivo;1
diga;1
tendran;1
nulas;1
contiene;1
situacion;1
jones;1
gracias;1
dicha;1
innegociable;1
asegurado;1
solian;1
bm;1
descontar;1
medicos;1
m1000;1
lucent;1
muchas;1
asumen;1
relevantes;1
elude;1
formulacion;1
rendimiento;1
incorporar;1
deberiamos;1
quarter;1
pnrd;1
calpurnia;1
corpus;1
resumen;1
1141;1
dn;1
maidenclass;1
dp;1
construyen;1
encarga;1
1138;1
jaccardcomb;1
favorecer;1
terminostextodocumentos;1
ej;1
2000;1
ciudadanos;1
tratable;1
et;1
altos;1
ignora;1
antiguedad;1
computationalmente;1
confirma;1
inmensa;1
sii;1
aparcar;1
2004;1
respecto;1
vistas;1
presenta;1
clara;1
resultado;1
false;1
length;1
booleanas;1
nueva;1
claro;1
sustituir;1
management;1
partir;1
fqd;1
decreciente;1
movilidad;1
pendence;1
experimentales;1
aproximacion;1
bir;1
nonlinear;1
d3log;1
utilizado;1
text;1
k0;1
wtd;1
cadena;1
expertos;1
larga;1
log00441log0066025353;1
implementacion;1
perder;1
reducida;1
practicos;1
jd;1
lleno;1
hora;1
jq;1
pmletmdoc;1
universidad;1
origen;1
vidal;1
dificil;1
largo;1
6648;1
m2;1
contribuyen;1
elementos;1
fue;1
dimision;1
lc;1
catalogos;1
acaba;1
7746;1
practico;1
decadas;1
aparezce;1
iguales;1
0001012;1
ln;1
comportamiento;1
falla;1
salvo;1
than;1
genero;1
md;1
narrows;1
catolicos;1
ld1bb;1
solida;1
combina;1
efecto;1
sigue;1
retrocederia;1
aparezcan;1
asegura;1
ideas;1
weighting;1
background;1
true;1
observaciones;1
trata;1
nuestros;1
best;1
2log;1
nombre;1
propuesto;1
pmletmcorpus;1
332;1
bolsa;1
dtf;1
realidad;1
q0;1
q3;1
b01;1
or;1
opcion;1
b02;1
informe;1
bajo;1
b08;1
doblemente;1
incorpora;1
negro;1
complexa;1
bytes;1
novedoso;1
discapacidad;1
probabilistica;1
blanco;1
ngram;1
pudiese;1
mercy;1
discriminador;1
pp;1
penalizacion;1
occurrences;1
04;1
paralisis;1
lambda;1
qd;1
aplicar;1
disciplina;1
terminodocumento;1
dispone;1
cuantifican;1
pesado;1
bigram;1
ocupadas;1
muchos;1
120;1
122;1
encontramos;1
pqd1;1
singular;1
pqd2;1
controlar;1
0000102;1
interes;1
23;1
24;1
rv;1
26;1
27;1
escuela;1
7346;1
freq;1
precomputar;1
fundamental;1
proximidad;1
global;1
incremento;1
suposiciones;1
sa;1
130;1
132;1
expresion;1
devuelve;1
componente;1
demoledores;1
email;1
32;1
llegamos;1
afecta;1
cualquier;1
35;1
38;1
tlog;1
siguieran;1
39;1
normd;1
necesario;1
exacto;1
2e;1
ocurra;1
legales;1
binarios;1
ocurre;1
incrementa;1
amit;1
to;1
todos;1
progreso;1
41;1
42;1
43;1
44;1
000255;1
45;1
tv;1
46;1
habitual;1
47;1
extremo;1
48;1
49;1
parrafos;1
lugar;1
dependera;1
independence;1
150;1
estudios;1
frequency;1
00005;1
cinco;1
ue;1
logtf;1
psm1;1
hueco;1
comodines;1
psm2;1
51;1
52;1
53;1
poco;1
54;1
56;1
57;1
58;1
ida;1
va;1
booleana;1
mlp;1
transparencias;1
especificiacion;1
ventajas;1
61;1
62;1
63;1
generase;1
64;1
65;1
probabiliad;1
66;1
69;1
vaya;1
aprox;1
jamas;1
masa;1
wi;1
graphq;1
ptdoc;1
tambien;1
71;1
72;1
otra;1
77;1
summary;1
normal;1
79;1
basa;1
000000008;1
q2k1;1
pivoted;1
80;1
considerado;1
84;1
externos;1
85;1
86;1
base;1
87;1
88;1
89;1
claras;1
esperando;1
desirable;1
jefe;1
suficientes;1
segundo;1
loss;1
problem;1
sucede;1
92;1
frente;1
log00645;1
natural;1
tenga;1
decrece;1
responder;1
bibliotecas;1
gtermq;1
hace;1
asintotico;1
directamente;1
rango;1
raros;1
comparamos;1
policia;1
cerebral;1
sigir;1
busca;1
conviene;1
aparcamientos;1
respondio;1
seeing;1
0300;1
angulo;1
1639;1
catastroficas;1
sensible;1
hasta;1
consell;1
ocurrir;1
higherorder;1
descuento;1
estiman;1
catalan;1
tiempo;1
regla;1
spam;1
first;1
estadisticos;1
evita;1
ln1tf;1
podemos;1
parcial;1
indexacion;1
ortogonales;1
00089;1
space;1
norm;1
0325;1
ambos;1
ingles;1
tomar;1
teoria;1
permitan;1
denominador;1
00214477;1
taylor;1
individual;1
00402145;1
mtp;1
vocabulario;1
robertsonspark;1
podrian;1
dicho;1
atractivo;1
hizo;1
complexpagenetgraphweb;1
concreto;1
q0q1;1
k12;1
salida;1
consecutivas;1
k17;1
tempest;1
00005001;1
0102;1
calculos;1
parameter;1
telecomunicaciones;1
bayes;1
aporta;1
log01071log0060321895;1
inverse;1
ordenados;1
match;1
modelizan;1
ocurrencia;1
seria;1
calidad;1
